Time,Error
datetime,float
T,,,
08/26/16 01:0,-0.077
08/27/16 18:0,-0.076
08/29/16 08:0,-0.069
08/31/16 01:0,-0.071
09/01/16 18:0,-0.075
09/03/16 08:0,-0.079
09/05/16 01:0,-0.083
09/06/16 18:0,-0.087
09/08/16 08:0,-0.082
09/10/16 01:0,-0.086
09/11/16 18:0,-0.089
09/13/16 08:0,-0.093
09/15/16 01:0,-0.096
09/16/16 18:0,-0.098
09/18/16 08:0,-0.089
09/20/16 01:0,-0.091
09/21/16 18:0,-0.093
09/23/16 08:0,-0.094
09/25/16 01:0,-0.095
09/26/16 18:0,-0.095
09/28/16 08:0,-0.069
09/30/16 01:0,-0.07
10/01/16 18:0,-0.071
10/03/16 08:0,-0.073
10/05/16 01:0,-0.075
10/06/16 18:0,-0.08
10/08/16 08:0,-0.057
10/10/16 01:0,-0.061
10/11/16 18:0,-0.065
10/13/16 08:0,-0.067
10/15/16 01:0,-0.064
10/16/16 18:0,-0.062
10/18/16 08:0,-0.051
10/20/16 01:0,-0.046
10/21/16 18:0,-0.043
10/23/16 08:0,-0.033
10/25/16 01:0,-0.019
10/26/16 18:0,-0.001
10/28/16 08:0,0.017
10/30/16 01:0,0.038
10/31/16 18:0,0.059
11/02/16 08:0,0.081
11/04/16 01:0,0.102
11/05/16 18:0,0.123
11/07/16 08:0,0.142
11/09/16 01:0,0.16
11/10/16 18:0,0.178
11/12/16 08:0,0.194
11/14/16 01:0,0.209
11/15/16 18:0,0.222
11/17/16 08:0,0.235
11/19/16 01:0,0.244
11/20/16 18:0,0.252
11/22/16 08:0,0.257
11/24/16 01:0,0.259
11/25/16 18:0,0.254
11/27/16 08:0,0.254
11/29/16 01:0,0.252
11/30/16 18:0,0.254
12/02/16 08:0,0.257
12/04/16 01:0,0.263
12/05/16 18:0,0.268
12/07/16 08:0,0.274
12/09/16 01:0,0.282
12/10/16 18:0,0.289
12/12/16 08:0,0.298
12/14/16 01:0,0.305
12/15/16 18:0,0.313
12/17/16 08:0,0.317
12/19/16 01:0,0.319
12/20/16 18:0,0.317
12/22/16 08:0,0.312
12/24/16 01:0,0.3
12/25/16 18:0,0.286
12/27/16 08:0,0.268
12/29/16 01:0,0.247
12/30/16 18:0,0.226
01/01/17 08:0,0.202
01/03/17 01:0,0.176
01/04/17 18:0,0.137
01/06/17 08:0,0.097
01/08/17 01:0,0.069
01/09/17 18:0,0.041
01/11/17 08:0,0.02
01/13/17 01:0,0.003
01/14/17 18:0,-0.01
01/16/17 08:0,-0.02
01/18/17 01:0,-0.028
01/19/17 18:0,-0.035
01/21/17 08:0,-0.04
01/23/17 01:0,-0.045
01/24/17 18:0,-0.049
01/26/17 08:0,-0.055
01/28/17 01:0,-0.061
01/29/17 18:0,-0.071
01/31/17 08:0,-0.073
02/02/17 01:0,-0.071
02/03/17 18:0,-0.068
02/05/17 08:0,-0.064
02/07/17 01:0,-0.06
02/08/17 18:0,-0.057
02/10/17 08:0,-0.058
02/12/17 01:0,-0.059
02/13/17 18:0,-0.06
02/15/17 08:0,-0.062
02/17/17 01:0,-0.063
02/18/17 18:0,-0.066
02/20/17 08:0,-0.068
02/22/17 01:0,-0.071
02/23/17 18:0,-0.073
02/25/17 08:0,-0.075
02/27/17 01:0,-0.077
02/28/17 18:0,-0.08
03/02/17 08:0,-0.082
03/04/17 01:0,-0.084
03/05/17 18:0,-0.085
03/07/17 08:0,-0.085
03/09/17 01:0,-0.085
03/10/17 18:0,-0.085
03/12/17 08:0,-0.086
03/14/17 01:0,-0.088
03/15/17 18:0,-0.091
03/17/17 08:0,-0.097
03/19/17 01:0,-0.103
03/20/17 18:0,-0.108
03/22/17 08:0,-0.114
03/24/17 01:0,-0.119
03/25/17 18:0,-0.124
03/27/17 08:0,-0.129
03/29/17 01:0,-0.134
03/30/17 18:0,-0.138
04/01/17 08:0,-0.141
04/03/17 01:0,-0.142
04/04/17 18:0,-0.143
04/06/17 08:0,-0.142
04/08/17 01:0,-0.141
04/09/17 18:0,-0.136
04/11/17 08:0,-0.13
04/13/17 01:0,-0.122
04/14/17 18:0,-0.114
04/16/17 08:0,-0.105
04/18/17 01:0,-0.093
04/19/17 18:0,-0.084
04/21/17 08:0,-0.074
04/23/17 01:0,-0.064
04/24/17 18:0,-0.055
04/26/17 08:0,-0.047
04/28/17 01:0,-0.039
04/29/17 18:0,-0.032
05/01/17 08:0,-0.027
05/03/17 01:0,-0.023
05/04/17 18:0,-0.02
05/06/17 08:0,-0.017
05/08/17 01:0,-0.014
05/09/17 18:0,-0.013
05/11/17 08:0,-0.011
05/13/17 01:0,-0.008
05/14/17 18:0,-0.006
05/16/17 08:0,-0.002
05/18/17 01:0,0.003
05/19/17 18:0,0.007
05/21/17 08:0,0.016
05/23/17 01:0,0.027
05/24/17 18:0,0.04
05/26/17 08:0,0.055
05/28/17 01:0,0.07
05/29/17 18:0,0.086
05/31/17 08:0,0.101
06/02/17 01:0,0.116
06/03/17 18:0,0.129
06/05/17 08:0,0.141
06/07/17 01:0,0.151
06/08/17 18:0,0.158
06/10/17 08:0,0.17
06/12/17 01:0,0.173
06/13/17 18:0,0.172
06/15/17 08:0,0.17
06/17/17 01:0,0.165
06/18/17 18:0,0.157
06/20/17 08:0,0.157
06/22/17 01:0,0.145
06/23/17 18:0,0.134
06/25/17 08:0,0.124
06/27/17 01:0,0.115
06/28/17 18:0,0.107
06/30/17 08:0,0.111
07/02/17 01:0,0.107
07/03/17 18:0,0.105
07/05/17 08:0,0.105
07/07/17 01:0,0.107
07/08/17 18:0,0.112
07/10/17 08:0,0.128
07/12/17 01:0,0.135
07/13/17 18:0,0.143
07/15/17 08:0,0.152
07/17/17 01:0,0.161
07/18/17 18:0,0.17
07/20/17 08:0,0.205
07/22/17 01:0,0.211
07/23/17 18:0,0.216
07/25/17 08:0,0.221
07/27/17 01:0,0.224
07/28/17 18:0,0.225
07/30/17 08:0,0.254
08/01/17 01:0,0.255
08/02/17 18:0,0.255
08/04/17 08:0,0.255
08/06/17 01:0,0.256
08/07/17 18:0,0.256
08/09/17 08:0,0.256
08/11/17 01:0,0.256
08/12/17 18:0,0.256
08/14/17 08:0,0.256
08/16/17 01:0,0.255
08/17/17 18:0,0.255
08/19/17 08:0,0.256
08/21/17 01:0,0.257
08/22/17 18:0,0.256
08/24/17 08:0,0.253
08/26/17 01:0,0.248
08/27/17 18:0,0.241
08/29/17 08:0,0.231
08/31/17 01:0,0.219
09/01/17 18:0,0.205
09/03/17 08:0,0.193
09/05/17 01:0,0.179
09/06/17 18:0,0.166
09/08/17 08:0,0.152
09/10/17 01:0,0.137
09/11/17 18:0,0.121
09/13/17 08:0,0.106
09/15/17 01:0,0.094
09/16/17 18:0,0.085
09/18/17 08:0,0.076
09/20/17 01:0,0.068
09/21/17 18:0,0.062
09/23/17 08:0,0.056
09/25/17 01:0,0.053
09/26/17 18:0,0.051
09/28/17 08:0,0.05
09/30/17 01:0,0.049
10/01/17 18:0,0.048
10/03/17 08:0,0.045
10/05/17 01:0,0.04
10/06/17 18:0,0.035
10/08/17 08:0,0.03
10/10/17 01:0,0.023
10/11/17 18:0,0.015
10/13/17 08:0,0.004
10/15/17 01:0,-0.008
10/16/17 18:0,-0.021
10/18/17 08:0,-0.036
10/20/17 01:0,-0.051
10/21/17 18:0,-0.066
10/23/17 08:0,-0.079
10/25/17 01:0,-0.092
10/26/17 18:0,-0.104
10/28/17 08:0,-0.114
10/30/17 01:0,-0.122
10/31/17 18:0,-0.128
11/02/17 08:0,-0.131
11/04/17 01:0,-0.134
11/05/17 18:0,-0.133
11/07/17 08:0,-0.129
11/09/17 01:0,-0.125
11/10/17 18:0,-0.12
11/12/17 08:0,-0.115
11/14/17 01:0,-0.112
11/15/17 18:0,-0.104
11/17/17 08:0,-0.091
11/19/17 01:0,-0.077
11/20/17 18:0,-0.063
11/22/17 08:0,-0.049
11/24/17 01:0,-0.038
11/25/17 18:0,-0.028
11/27/17 08:0,-0.021
11/29/17 01:0,-0.016
11/30/17 18:0,-0.011
12/02/17 08:0,-0.007
12/04/17 01:0,-0.003
12/05/17 18:0,0.0
12/07/17 08:0,0.003
12/09/17 01:0,0.007
12/10/17 18:0,0.012
12/12/17 08:0,0.017
12/14/17 01:0,0.023
12/15/17 18:0,0.029
12/17/17 08:0,0.038
12/19/17 01:0,0.049
12/20/17 18:0,0.061
12/22/17 08:0,0.075
12/24/17 01:0,0.086
12/25/17 18:0,0.096
12/27/17 08:0,0.107
12/29/17 01:0,0.118
12/30/17 18:0,0.129
01/01/18 08:0,0.139
01/03/18 01:0,0.147
01/04/18 18:0,0.153
01/06/18 08:0,0.157
01/08/18 01:0,0.161
01/09/18 18:0,0.165
01/11/18 08:0,0.168
01/13/18 01:0,0.17
01/14/18 18:0,0.172
01/16/18 08:0,0.173
01/18/18 01:0,0.173
01/19/18 18:0,0.173
01/21/18 08:0,0.174
01/23/18 01:0,0.175
01/24/18 18:0,0.176
01/26/18 08:0,0.176
01/28/18 01:0,0.177
01/29/18 18:0,0.178
01/31/18 08:0,0.179
02/02/18 01:0,0.179
02/03/18 18:0,0.18
02/05/18 08:0,0.179
02/07/18 01:0,0.175
02/08/18 18:0,0.171
02/10/18 08:0,0.163
02/12/18 01:0,0.155
02/13/18 18:0,0.147
02/15/18 08:0,0.139
02/17/18 01:0,0.13
02/18/18 18:0,0.12
02/20/18 08:0,0.111
02/22/18 01:0,0.102
02/23/18 18:0,0.093
02/25/18 08:0,0.085
02/27/18 01:0,0.079
02/28/18 18:0,0.075
03/02/18 08:0,0.078
03/04/18 01:0,0.079
03/05/18 18:0,0.082
03/07/18 08:0,0.087
03/09/18 01:0,0.095
03/10/18 18:0,0.105
03/12/18 08:0,0.129
03/14/18 01:0,0.142
03/15/18 18:0,0.156
03/17/18 08:0,0.171
03/19/18 01:0,0.185
03/20/18 18:0,0.197
03/22/18 08:0,0.228
03/24/18 01:0,0.234
03/25/18 18:0,0.241
03/27/18 08:0,0.246
03/29/18 01:0,0.248
03/30/18 18:0,0.248
04/01/18 08:0,0.254
04/03/18 01:0,0.247
04/04/18 18:0,0.239
04/06/18 08:0,0.227
04/08/18 01:0,0.215
04/09/18 18:0,0.202
04/11/18 08:0,0.201
04/13/18 01:0,0.193
04/14/18 18:0,0.188
04/16/18 08:0,0.183
04/18/18 01:0,0.178
04/19/18 18:0,0.174
04/21/18 08:0,0.183
04/23/18 01:0,0.185
04/24/18 18:0,0.184
04/26/18 08:0,0.182
04/28/18 01:0,0.18
04/29/18 18:0,0.179
05/01/18 08:0,0.191
05/03/18 01:0,0.192
05/04/18 18:0,0.193
05/06/18 08:0,0.193
05/08/18 01:0,0.188
05/09/18 18:0,0.18
05/11/18 08:0,0.169
05/13/18 01:0,0.157
05/14/18 18:0,0.147
05/16/18 08:0,0.136
05/18/18 01:0,0.124
05/19/18 18:0,0.111
05/21/18 08:0,0.096
05/23/18 01:0,0.08
05/24/18 18:0,0.065
05/26/18 08:0,0.051
05/28/18 01:0,0.039
05/29/18 18:0,0.029
05/31/18 08:0,0.022
06/02/18 01:0,0.017
06/03/18 18:0,0.011
06/05/18 08:0,0.009
06/07/18 01:0,0.007
06/08/18 18:0,0.004
06/10/18 08:0,0.003
06/12/18 01:0,0.0
06/13/18 18:0,-0.007
06/15/18 08:0,-0.017
06/17/18 01:0,-0.022
06/18/18 18:0,-0.024
06/20/18 08:0,-0.025
06/22/18 01:0,-0.026
06/23/18 18:0,-0.027
06/25/18 08:0,-0.028
06/27/18 01:0,-0.028
06/28/18 18:0,-0.027
06/30/18 08:0,-0.027
07/02/18 01:0,-0.027
07/03/18 18:0,-0.027
07/05/18 08:0,-0.03
07/07/18 01:0,-0.029
07/08/18 18:0,-0.027
07/10/18 08:0,-0.022
07/12/18 01:0,-0.016
07/13/18 18:0,-0.01
07/15/18 08:0,-0.003
07/17/18 01:0,0.002
07/18/18 18:0,0.008
07/20/18 08:0,0.013
07/22/18 01:0,0.017
07/23/18 18:0,0.019
07/25/18 08:0,0.019
07/27/18 01:0,0.017
07/28/18 18:0,0.013
07/30/18 08:0,0.008
08/01/18 01:0,0.002
08/02/18 18:0,-0.005
08/04/18 08:0,-0.013
08/06/18 01:0,-0.022
08/07/18 18:0,-0.03
08/09/18 08:0,-0.039
08/11/18 01:0,-0.048
08/12/18 18:0,-0.056
08/14/18 08:0,-0.061
08/16/18 01:0,-0.065
08/17/18 18:0,-0.065
08/19/18 08:0,-0.063
08/21/18 01:0,-0.058
08/22/18 18:0,-0.051
08/24/18 08:0,-0.041
08/26/18 01:0,-0.03
08/27/18 18:0,-0.017
08/29/18 08:0,-0.002
08/31/18 01:0,0.014
09/01/18 18:0,0.029
09/03/18 08:0,0.044
09/05/18 01:0,0.056
09/06/18 18:0,0.068
09/08/18 08:0,0.081
09/10/18 01:0,0.094
09/11/18 18:0,0.106
09/13/18 08:0,0.115
09/15/18 01:0,0.122
09/16/18 18:0,0.127
09/18/18 08:0,0.13
09/20/18 01:0,0.132
09/21/18 18:0,0.133
09/23/18 08:0,0.132
09/25/18 01:0,0.131
09/26/18 18:0,0.129
09/28/18 08:0,0.127
09/30/18 01:0,0.125
10/01/18 18:0,0.124
10/03/18 08:0,0.125
10/05/18 01:0,0.128
10/06/18 18:0,0.131
10/08/18 08:0,0.135
10/10/18 01:0,0.138
10/11/18 18:0,0.14
10/13/18 08:0,0.145
10/15/18 01:0,0.149
10/16/18 18:0,0.151
10/18/18 08:0,0.152
10/20/18 01:0,0.149
10/21/18 18:0,0.145
10/23/18 08:0,0.138
10/25/18 01:0,0.129
10/26/18 18:0,0.12
10/28/18 08:0,0.11
10/30/18 01:0,0.099
10/31/18 18:0,0.085
11/02/18 08:0,0.069
11/04/18 01:0,0.053
11/05/18 18:0,0.038
11/07/18 08:0,0.022
11/09/18 01:0,0.008
11/10/18 18:0,-0.005
11/12/18 08:0,-0.02
11/14/18 01:0,-0.032
11/15/18 18:0,-0.041
11/17/18 08:0,-0.049
11/19/18 01:0,-0.058
11/20/18 18:0,-0.064
11/22/18 08:0,-0.07
11/24/18 01:0,-0.073
11/25/18 18:0,-0.076
11/27/18 08:0,-0.082
11/29/18 01:0,-0.089
11/30/18 18:0,-0.098
12/02/18 08:0,-0.107
12/04/18 01:0,-0.105
12/05/18 18:0,-0.11
12/07/18 08:0,-0.114
12/09/18 01:0,-0.119
12/10/18 18:0,-0.12
12/12/18 08:0,-0.119
12/14/18 01:0,-0.11
12/15/18 18:0,-0.106
12/17/18 08:0,-0.101
12/19/18 01:0,-0.094
12/20/18 18:0,-0.086
12/22/18 08:0,-0.079
12/24/18 01:0,-0.061
12/25/18 18:0,-0.051
12/27/18 08:0,-0.042
12/29/18 01:0,-0.031
12/30/18 18:0,-0.02
01/01/19 08:0,-0.009
01/03/19 01:0,0.019
01/04/19 18:0,0.029
01/06/19 08:0,0.039
01/08/19 01:0,0.046
01/09/19 18:0,0.05
01/11/19 08:0,0.052
01/13/19 01:0,0.076
01/14/19 18:0,0.073
01/16/19 08:0,0.067
01/18/19 01:0,0.06
01/19/19 18:0,0.052
01/21/19 08:0,0.043
01/23/19 01:0,0.043
01/24/19 18:0,0.032
01/26/19 08:0,0.022
01/28/19 01:0,0.012
01/29/19 18:0,0.004
01/31/19 08:0,-0.002
02/02/19 01:0,0.004
02/03/19 18:0,0.001
02/05/19 08:0,0.0
02/07/19 01:0,0.0
02/08/19 18:0,-0.001
02/10/19 08:0,0.001
02/12/19 01:0,0.016
02/13/19 18:0,0.021
02/15/19 08:0,0.026
02/17/19 01:0,0.031
02/18/19 18:0,0.035
02/20/19 08:0,0.038
02/22/19 01:0,0.039
02/23/19 18:0,0.038
02/25/19 08:0,0.035
02/27/19 01:0,0.031
02/28/19 18:0,0.024
03/02/19 08:0,0.016
03/04/19 01:0,0.006
03/05/19 18:0,-0.005
03/07/19 08:0,-0.017
03/09/19 01:0,-0.029
03/10/19 18:0,-0.041
03/12/19 08:0,-0.053
03/14/19 01:0,-0.065
03/15/19 18:0,-0.076
03/17/19 08:0,-0.084
03/19/19 01:0,-0.091
03/20/19 18:0,-0.096
03/22/19 08:0,-0.1
03/24/19 01:0,-0.102
03/25/19 18:0,-0.103
03/27/19 08:0,-0.102
03/29/19 01:0,-0.1
03/30/19 18:0,-0.1
04/01/19 08:0,-0.099
04/03/19 01:0,-0.098
04/04/19 18:0,-0.099
04/06/19 08:0,-0.1
04/08/19 01:0,-0.101
04/09/19 18:0,-0.104
04/11/19 08:0,-0.107
04/13/19 01:0,-0.111
04/14/19 18:0,-0.116
04/16/19 08:0,-0.121
04/18/19 01:0,-0.125
04/19/19 18:0,-0.129
04/21/19 08:0,-0.133
04/23/19 01:0,-0.137
04/24/19 18:0,-0.14
04/26/19 08:0,-0.142
04/28/19 01:0,-0.144
04/29/19 18:0,-0.144
05/01/19 08:0,-0.144
05/03/19 01:0,-0.143
05/04/19 18:0,-0.142
05/06/19 08:0,-0.142
05/08/19 01:0,-0.141
05/09/19 18:0,-0.139
05/11/19 08:0,-0.137
05/13/19 01:0,-0.135
05/14/19 18:0,-0.134
05/16/19 08:0,-0.133
05/18/19 01:0,-0.134
05/19/19 18:0,-0.136
05/21/19 08:0,-0.139
05/23/19 01:0,-0.141
05/24/19 18:0,-0.142
05/26/19 08:0,-0.143
05/28/19 01:0,-0.144
05/29/19 18:0,-0.143
05/31/19 08:0,-0.142
06/02/19 01:0,-0.14
06/03/19 18:0,-0.137
06/05/19 08:0,-0.134
06/07/19 01:0,-0.13
06/08/19 18:0,-0.126
06/10/19 08:0,-0.12
06/12/19 01:0,-0.114
06/13/19 18:0,-0.105
06/15/19 08:0,-0.094
06/17/19 01:0,-0.083
06/18/19 18:0,-0.072
06/20/19 08:0,-0.063
06/22/19 01:0,-0.055
06/23/19 18:0,-0.048
06/25/19 08:0,-0.041
06/27/19 01:0,-0.035
06/28/19 18:0,-0.032
06/30/19 08:0,-0.03
07/02/19 01:0,-0.03
07/03/19 18:0,-0.03
07/05/19 08:0,-0.033
07/07/19 01:0,-0.038
07/08/19 18:0,-0.044
07/10/19 08:0,-0.053
07/12/19 01:0,-0.061
07/13/19 18:0,-0.068
07/15/19 08:0,-0.072
07/17/19 01:0,-0.072
07/18/19 18:0,-0.07
07/20/19 08:0,-0.066
07/22/19 01:0,-0.059
07/23/19 18:0,-0.05
07/25/19 08:0,-0.038
07/27/19 01:0,-0.025
07/28/19 18:0,-0.01
07/30/19 08:0,0.004
08/01/19 01:0,0.019
08/02/19 18:0,0.033
08/04/19 08:0,0.048
08/06/19 01:0,0.062
08/07/19 18:0,0.075
08/09/19 08:0,0.087
08/11/19 01:0,0.096
08/12/19 18:0,0.104
08/14/19 08:0,0.109
08/16/19 01:0,0.112
08/17/19 18:0,0.112
08/19/19 08:0,0.109
08/21/19 01:0,0.105
08/22/19 18:0,0.098
08/24/19 08:0,0.089
08/26/19 01:0,0.081
08/27/19 18:0,0.074
08/29/19 08:0,0.067
08/31/19 01:0,0.062
09/01/19 18:0,0.059
09/03/19 08:0,0.056
09/05/19 01:0,0.055
09/06/19 18:0,0.054
09/08/19 08:0,0.056
09/10/19 01:0,0.058
09/11/19 18:0,0.062
09/13/19 08:0,0.066
09/15/19 01:0,0.07
09/16/19 18:0,0.074
09/18/19 08:0,0.077
09/20/19 01:0,0.079
09/21/19 18:0,0.081
09/23/19 08:0,0.082
09/25/19 01:0,0.083
09/26/19 18:0,0.081
09/28/19 08:0,0.086
09/30/19 01:0,0.083
10/01/19 18:0,0.081
10/03/19 08:0,0.078
10/05/19 01:0,0.077
10/06/19 18:0,0.076
10/08/19 08:0,0.086
10/10/19 01:0,0.087
10/11/19 18:0,0.088
10/13/19 08:0,0.091
10/15/19 01:0,0.095
10/16/19 18:0,0.099
10/18/19 08:0,0.115
10/20/19 01:0,0.121
10/21/19 18:0,0.128
10/23/19 08:0,0.135
10/25/19 01:0,0.141
10/26/19 18:0,0.146
10/28/19 08:0,0.177
10/30/19 01:0,0.18
10/31/19 18:0,0.18
11/02/19 08:0,0.18
11/04/19 01:0,0.179
11/05/19 18:0,0.178
11/07/19 08:0,0.204
11/09/19 01:0,0.2
11/10/19 18:0,0.196
11/12/19 08:0,0.192
11/14/19 01:0,0.187
11/15/19 18:0,0.193
11/17/19 08:0,0.19
11/19/19 01:0,0.188
11/20/19 18:0,0.186
11/22/19 08:0,0.187
11/24/19 01:0,0.188
11/25/19 18:0,0.2
11/27/19 08:0,0.203
11/29/19 01:0,0.205
11/30/19 18:0,0.206
12/02/19 08:0,0.207
12/04/19 01:0,0.206
12/05/19 18:0,0.204
12/07/19 08:0,0.2
12/09/19 01:0,0.193
12/10/19 18:0,0.185
12/12/19 08:0,0.175
12/14/19 01:0,0.162
12/15/19 18:0,0.148
12/17/19 08:0,0.133
12/19/19 01:0,0.117
12/20/19 18:0,0.1
12/22/19 08:0,0.081
12/24/19 01:0,0.063
12/25/19 18:0,0.047
12/27/19 08:0,0.033
12/29/19 01:0,0.02
12/30/19 18:0,0.008
01/01/20 08:0,0.0
01/03/20 01:0,-0.005
01/04/20 18:0,-0.008
01/06/20 08:0,-0.007
01/08/20 01:0,-0.003
01/09/20 18:0,0.003
01/11/20 08:0,0.012
01/13/20 01:0,0.023
01/14/20 18:0,0.034
01/16/20 08:0,0.045
01/18/20 01:0,0.057
01/19/20 18:0,0.068
01/21/20 08:0,0.079
01/23/20 01:0,0.09
01/24/20 18:0,0.1
01/26/20 08:0,0.109
01/28/20 01:0,0.116
01/29/20 18:0,0.122
01/31/20 08:0,0.127
02/02/20 01:0,0.129
02/03/20 18:0,0.13
02/05/20 08:0,0.13
02/07/20 01:0,0.13
02/08/20 18:0,0.13
02/10/20 08:0,0.129
02/12/20 01:0,0.128
02/13/20 18:0,0.127
02/15/20 08:0,0.126
02/17/20 01:0,0.124
02/18/20 18:0,0.123
02/20/20 08:0,0.123
02/22/20 01:0,0.124
02/23/20 18:0,0.125
02/25/20 08:0,0.125
02/27/20 01:0,0.122
02/28/20 18:0,0.119
03/01/20 08:0,0.115
03/03/20 01:0,0.111
03/04/20 18:0,0.106
03/06/20 08:0,0.099
03/08/20 01:0,0.092
03/09/20 18:0,0.084
03/11/20 08:0,0.075
03/13/20 01:0,0.065
03/14/20 18:0,0.055
03/16/20 08:0,0.045
03/18/20 01:0,0.037
03/19/20 18:0,0.029
03/21/20 08:0,0.021
03/23/20 01:0,0.015
03/24/20 18:0,0.01
03/26/20 08:0,0.005
03/28/20 01:0,0.001
03/29/20 18:0,-0.001
03/31/20 08:0,-0.002
04/02/20 01:0,-0.003
04/03/20 18:0,-0.003
04/05/20 08:0,-0.003
04/07/20 01:0,-0.006
04/08/20 18:0,-0.01
04/10/20 08:0,-0.013
04/12/20 01:0,-0.014
04/13/20 18:0,-0.016
04/15/20 08:0,-0.019
04/17/20 01:0,-0.023
04/18/20 18:0,-0.028
04/20/20 08:0,-0.033
04/22/20 01:0,-0.038
04/23/20 18:0,-0.044
04/25/20 08:0,-0.049
04/27/20 01:0,-0.054
04/28/20 18:0,-0.058
04/30/20 08:0,-0.06
05/02/20 01:0,-0.061
05/03/20 18:0,-0.061
05/05/20 08:0,-0.059
05/07/20 01:0,-0.055
05/08/20 18:0,-0.05
05/10/20 08:0,-0.044
05/12/20 01:0,-0.038
05/13/20 18:0,-0.032
05/15/20 08:0,-0.025
05/17/20 01:0,-0.019
05/18/20 18:0,-0.014
05/20/20 08:0,-0.011
05/22/20 01:0,-0.01
05/23/20 18:0,-0.011
05/25/20 08:0,-0.013
05/27/20 01:0,-0.016
05/28/20 18:0,-0.021
05/30/20 08:0,-0.028
06/01/20 01:0,-0.038
06/02/20 18:0,-0.049
06/04/20 08:0,-0.063
06/06/20 01:0,-0.077
06/07/20 18:0,-0.092
06/09/20 08:0,-0.106
06/11/20 01:0,-0.119
06/12/20 18:0,-0.132
06/14/20 08:0,-0.142
06/16/20 01:0,-0.151
06/17/20 18:0,-0.157
06/19/20 08:0,-0.162
06/21/20 01:0,-0.163
06/22/20 18:0,-0.163
06/24/20 08:0,-0.16
06/26/20 01:0,-0.156
06/27/20 18:0,-0.151
06/29/20 08:0,-0.139
07/01/20 01:0,-0.134
07/02/20 18:0,-0.128
07/04/20 08:0,-0.122
07/06/20 01:0,-0.117
07/07/20 18:0,-0.112
07/09/20 08:0,-0.1
07/11/20 01:0,-0.102
07/12/20 18:0,-0.103
07/14/20 08:0,-0.103
07/16/20 01:0,-0.103
07/17/20 18:0,-0.105
07/19/20 08:0,-0.097
07/21/20 01:0,-0.1
07/22/20 18:0,-0.105
07/24/20 08:0,-0.108
07/26/20 01:0,-0.11
07/27/20 18:0,-0.105
07/29/20 08:0,-0.106
07/31/20 01:0,-0.107
08/01/20 18:0,-0.107
08/03/20 08:0,-0.108
08/05/20 01:0,-0.107
08/06/20 18:0,-0.097
08/08/20 08:0,-0.094
08/10/20 01:0,-0.092
08/11/20 18:0,-0.09
08/13/20 08:0,-0.088
08/15/20 01:0,-0.086
08/16/20 18:0,-0.056
08/18/20 08:0,-0.055
08/20/20 01:0,-0.055
08/21/20 18:0,-0.054
08/23/20 08:0,-0.055
08/25/20 01:0,-0.055
08/26/20 18:0,-0.027
08/28/20 08:0,-0.027
08/30/20 01:0,-0.029
08/31/20 18:0,-0.029
09/02/20 08:0,-0.029
09/04/20 01:0,-0.028
09/05/20 18:0,-0.025
09/07/20 08:0,-0.02
09/09/20 01:0,-0.014
09/10/20 18:0,-0.008
09/12/20 08:0,0.0
09/14/20 01:0,0.007
09/15/20 18:0,0.015
09/17/20 08:0,0.024
09/19/20 01:0,0.033
09/20/20 18:0,0.041
09/22/20 08:0,0.049
09/24/20 01:0,0.055
09/25/20 18:0,0.06
09/27/20 08:0,0.063
09/29/20 01:0,0.064
09/30/20 18:0,0.063
10/02/20 08:0,0.06
10/04/20 01:0,0.054
10/05/20 18:0,0.048
10/07/20 08:0,0.041
10/09/20 01:0,0.034
10/10/20 18:0,0.027
10/12/20 08:0,0.022
10/14/20 01:0,0.019
10/15/20 18:0,0.017
10/17/20 08:0,0.017
10/19/20 01:0,0.015
10/20/20 18:0,0.018
10/22/20 08:0,0.026
10/24/20 01:0,0.036
10/25/20 18:0,0.047
10/27/20 08:0,0.06
10/29/20 01:0,0.074
10/30/20 18:0,0.088
11/01/20 08:0,0.102
11/03/20 01:0,0.115
11/04/20 18:0,0.127
11/06/20 08:0,0.137
11/08/20 01:0,0.145
11/09/20 18:0,0.152
11/11/20 08:0,0.156
11/13/20 01:0,0.158
11/14/20 18:0,0.158
11/16/20 08:0,0.156
11/18/20 01:0,0.152
11/19/20 18:0,0.145
11/21/20 08:0,0.138
11/23/20 01:0,0.129
11/24/20 18:0,0.121
11/26/20 08:0,0.114
11/28/20 01:0,0.108
11/29/20 18:0,0.103
12/01/20 08:0,0.099
12/03/20 01:0,0.098
12/04/20 18:0,0.098
12/06/20 08:0,0.102
12/08/20 01:0,0.107
12/09/20 18:0,0.114
12/11/20 08:0,0.121
12/13/20 01:0,0.128
12/14/20 18:0,0.136
12/16/20 08:0,0.142
12/18/20 01:0,0.148
12/19/20 18:0,0.153
12/21/20 08:0,0.156
12/23/20 01:0,0.158
12/24/20 18:0,0.159
12/26/20 08:0,0.156
12/28/20 01:0,0.152
12/29/20 18:0,0.146
12/31/20 08:0,0.139
01/02/21 01:0,0.131
01/03/21 18:0,0.122
01/05/21 08:0,0.112
01/07/21 01:0,0.101
01/08/21 18:0,0.091
01/10/21 08:0,0.082
01/12/21 01:0,0.073
01/13/21 18:0,0.065
01/15/21 08:0,0.057
01/17/21 01:0,0.049
01/18/21 18:0,0.042
01/20/21 08:0,0.036
01/22/21 01:0,0.029
01/23/21 18:0,0.023
01/25/21 08:0,0.017
01/27/21 01:0,0.01
01/28/21 18:0,0.003
01/30/21 08:0,-0.005
02/01/21 01:0,-0.013
02/02/21 18:0,-0.021
02/04/21 08:0,-0.029
02/06/21 01:0,-0.038
02/07/21 18:0,-0.047
02/09/21 08:0,-0.056
02/11/21 01:0,-0.064
02/12/21 18:0,-0.071
02/14/21 08:0,-0.077
02/16/21 01:0,-0.082
02/17/21 18:0,-0.086
02/19/21 08:0,-0.088
02/21/21 01:0,-0.088
02/22/21 18:0,-0.087
02/24/21 08:0,-0.085
02/26/21 01:0,-0.082
02/27/21 18:0,-0.075
03/01/21 08:0,-0.067
03/03/21 01:0,-0.058
03/04/21 18:0,-0.047
03/06/21 08:0,-0.038
03/08/21 01:0,-0.029
03/09/21 18:0,-0.024
03/11/21 08:0,-0.023
03/13/21 01:0,-0.02
03/14/21 18:0,-0.018
03/16/21 08:0,-0.015
03/18/21 01:0,-0.014
03/19/21 18:0,-0.014
03/21/21 08:0,-0.016
03/23/21 01:0,-0.02
03/24/21 18:0,-0.025
03/26/21 08:0,-0.03
03/28/21 01:0,-0.036
03/29/21 18:0,-0.04
03/31/21 08:0,-0.043
04/02/21 01:0,-0.043
04/03/21 18:0,-0.042
04/05/21 08:0,-0.04
04/07/21 01:0,-0.035
04/08/21 18:0,-0.029
04/10/21 08:0,-0.017
04/12/21 01:0,-0.008
04/13/21 18:0,0.001
04/15/21 08:0,0.011
04/17/21 01:0,0.021
04/18/21 18:0,0.029
04/20/21 08:0,0.049
04/22/21 01:0,0.054
04/23/21 18:0,0.058
04/25/21 08:0,0.06
04/27/21 01:0,0.06
04/28/21 18:0,0.059
04/30/21 08:0,0.065
05/02/21 01:0,0.059
05/03/21 18:0,0.053
05/05/21 08:0,0.045
05/07/21 01:0,0.036
05/08/21 18:0,0.027
05/10/21 08:0,0.028
05/12/21 01:0,0.02
05/13/21 18:0,0.014
05/15/21 08:0,0.008
05/17/21 01:0,0.002
05/18/21 18:0,-0.003
05/20/21 08:0,0.005
05/22/21 01:0,0.006
05/23/21 18:0,0.01
05/25/21 08:0,0.015
05/27/21 01:0,0.022
05/28/21 18:0,0.031
05/30/21 08:0,0.051
06/01/21 01:0,0.061
06/02/21 18:0,0.071
06/04/21 08:0,0.082
06/06/21 01:0,0.092
06/07/21 18:0,0.102
06/09/21 08:0,0.139
06/11/21 01:0,0.147
06/12/21 18:0,0.154
06/14/21 08:0,0.16
06/16/21 01:0,0.165
06/17/21 18:0,0.169
06/19/21 08:0,0.174
06/21/21 01:0,0.176
06/22/21 18:0,0.177
06/24/21 08:0,0.178
06/26/21 01:0,0.179
06/27/21 18:0,0.18
06/29/21 08:0,0.182
07/01/21 01:0,0.183
07/02/21 18:0,0.184
07/04/21 08:0,0.185
07/06/21 01:0,0.186
07/07/21 18:0,0.186
07/09/21 08:0,0.185
07/11/21 01:0,0.185
07/12/21 18:0,0.183
07/14/21 08:0,0.18
07/16/21 01:0,0.175
07/17/21 18:0,0.17
07/19/21 08:0,0.163
07/21/21 01:0,0.155
07/22/21 18:0,0.147
07/24/21 08:0,0.138
07/26/21 01:0,0.129
07/27/21 18:0,0.121
07/29/21 08:0,0.113
07/31/21 01:0,0.106
08/01/21 18:0,0.096
08/03/21 08:0,0.09
08/05/21 01:0,0.087
08/06/21 18:0,0.087
08/08/21 08:0,0.09
08/10/21 01:0,0.094
08/11/21 18:0,0.098
08/13/21 08:0,0.105
08/15/21 01:0,0.112
08/16/21 18:0,0.121
08/18/21 08:0,0.13
08/20/21 01:0,0.139
08/21/21 18:0,0.147
08/23/21 08:0,0.154
08/25/21 01:0,0.16
08/26/21 18:0,0.164
08/28/21 08:0,0.166
08/30/21 01:0,0.165
08/31/21 18:0,0.163
09/02/21 08:0,0.158
09/04/21 01:0,0.153
09/05/21 18:0,0.147
09/07/21 08:0,0.14
09/09/21 01:0,0.132
09/10/21 18:0,0.124
09/12/21 08:0,0.117
09/14/21 01:0,0.109
09/15/21 18:0,0.103
09/17/21 08:0,0.097
09/19/21 01:0,0.095
09/20/21 18:0,0.093
09/22/21 08:0,0.094
09/24/21 01:0,0.097
09/25/21 18:0,0.098
09/27/21 08:0,0.1
09/29/21 01:0,0.103
09/30/21 18:0,0.106
10/02/21 08:0,0.109
10/04/21 01:0,0.11
10/05/21 18:0,0.111
10/07/21 08:0,0.11
10/09/21 01:0,0.104
10/10/21 18:0,0.096
10/12/21 08:0,0.084
10/14/21 01:0,0.07
10/15/21 18:0,0.055
10/17/21 08:0,0.04
10/19/21 01:0,0.023
10/20/21 18:0,0.005
10/22/21 08:0,-0.014
10/24/21 01:0,-0.034
10/25/21 18:0,-0.052
10/27/21 08:0,-0.069
10/29/21 01:0,-0.085
10/30/21 18:0,-0.099
11/01/21 08:0,-0.111
11/03/21 01:0,-0.12
11/04/21 18:0,-0.129
11/06/21 08:0,-0.137
11/08/21 01:0,-0.144
11/09/21 18:0,-0.149
11/11/21 08:0,-0.153
11/13/21 01:0,-0.157
11/14/21 18:0,-0.16
11/16/21 08:0,-0.163
11/18/21 01:0,-0.166
11/19/21 18:0,-0.167
11/21/21 08:0,-0.169
11/23/21 01:0,-0.17
11/24/21 18:0,-0.171
11/26/21 08:0,-0.17
11/28/21 01:0,-0.174
11/29/21 18:0,-0.172
12/01/21 08:0,-0.17
12/03/21 01:0,-0.167
12/04/21 18:0,-0.164
12/06/21 08:0,-0.161
12/08/21 01:0,-0.157
12/09/21 18:0,-0.152
12/11/21 08:0,-0.147
12/13/21 01:0,-0.14
12/14/21 18:0,-0.132
12/16/21 08:0,-0.126
12/18/21 01:0,-0.12
12/19/21 18:0,-0.116
12/21/21 08:0,-0.111
12/23/21 01:0,-0.106
12/24/21 18:0,-0.102
12/26/21 08:0,-0.1
12/28/21 01:0,-0.099
12/29/21 18:0,-0.098
12/31/21 08:0,-0.098
01/02/22 01:0,-0.099
01/03/22 18:0,-0.103
01/05/22 08:0,-0.108
01/07/22 01:0,-0.113
01/08/22 18:0,-0.118
01/10/22 08:0,-0.122
01/12/22 01:0,-0.127
01/13/22 18:0,-0.13
01/15/22 08:0,-0.134
01/17/22 01:0,-0.136
01/18/22 18:0,-0.137
01/20/22 08:0,-0.137
01/22/22 01:0,-0.128
01/23/22 18:0,-0.124
01/25/22 08:0,-0.119
01/27/22 01:0,-0.112
01/28/22 18:0,-0.104
01/30/22 08:0,-0.095
02/01/22 01:0,-0.074
02/02/22 18:0,-0.064
02/04/22 08:0,-0.056
02/06/22 01:0,-0.051
02/07/22 18:0,-0.045
02/09/22 08:0,-0.039
02/11/22 01:0,-0.018
02/12/22 18:0,-0.015
02/14/22 08:0,-0.013
02/16/22 01:0,-0.014
02/17/22 18:0,-0.016
02/19/22 08:0,-0.018
02/21/22 01:0,-0.013
02/22/22 18:0,-0.019
02/24/22 08:0,-0.025
02/26/22 01:0,-0.033
02/27/22 18:0,-0.039
03/01/22 08:0,-0.044
03/03/22 01:0,-0.036
03/04/22 18:0,-0.036
03/06/22 08:0,-0.035
03/08/22 01:0,-0.031
03/09/22 18:0,-0.025
03/11/22 08:0,-0.016
03/13/22 01:0,0.005
03/14/22 18:0,0.016
03/16/22 08:0,0.029
03/18/22 01:0,0.041
03/19/22 18:0,0.053
03/21/22 08:0,0.065
03/23/22 01:0,0.075
03/24/22 18:0,0.084
03/26/22 08:0,0.091
03/28/22 01:0,0.097
03/29/22 18:0,0.101
03/31/22 08:0,0.103
04/02/22 01:0,0.103
04/03/22 18:0,0.1
04/05/22 08:0,0.097
04/07/22 01:0,0.092
04/08/22 18:0,0.088
04/10/22 08:0,0.085
04/12/22 01:0,0.081
04/13/22 18:0,0.078
04/15/22 08:0,0.074
04/17/22 01:0,0.07
04/18/22 18:0,0.065
04/20/22 08:0,0.065
04/22/22 01:0,0.065
04/23/22 18:0,0.066
04/25/22 08:0,0.067
04/27/22 01:0,0.069
04/28/22 18:0,0.07
04/30/22 08:0,0.07
05/02/22 01:0,0.072
05/03/22 18:0,0.074
05/05/22 08:0,0.075
05/07/22 01:0,0.077
05/08/22 18:0,0.077
05/10/22 08:0,0.076
05/12/22 01:0,0.075
05/13/22 18:0,0.073
05/15/22 08:0,0.07
05/17/22 01:0,0.066
05/18/22 18:0,0.064
05/20/22 08:0,0.061
05/22/22 01:0,0.057
05/23/22 18:0,0.051
05/25/22 08:0,0.045
05/27/22 01:0,0.04
05/28/22 18:0,0.038
05/30/22 08:0,0.035
06/01/22 01:0,0.033
06/02/22 18:0,0.031
06/04/22 08:0,0.029
06/06/22 01:0,0.027
06/07/22 18:0,0.024
06/09/22 08:0,0.02
06/11/22 01:0,0.014
06/12/22 18:0,0.008
06/14/22 08:0,-0.001
06/16/22 01:0,-0.01
06/17/22 18:0,-0.022
06/19/22 08:0,-0.034
06/21/22 01:0,-0.048
06/22/22 18:0,-0.061
06/24/22 08:0,-0.076
06/26/22 01:0,-0.089
06/27/22 18:0,-0.102
06/29/22 08:0,-0.114
07/01/22 01:0,-0.124
07/02/22 18:0,-0.132
07/04/22 08:0,-0.139
07/06/22 01:0,-0.143
07/07/22 18:0,-0.145
07/09/22 08:0,-0.146
07/11/22 01:0,-0.143
07/12/22 18:0,-0.139
07/14/22 08:0,-0.133
07/16/22 01:0,-0.127
07/17/22 18:0,-0.119
07/19/22 08:0,-0.111
07/21/22 01:0,-0.105
07/22/22 18:0,-0.1
07/24/22 08:0,-0.095
07/26/22 01:0,-0.093
07/27/22 18:0,-0.092
07/29/22 08:0,-0.093
07/31/22 01:0,-0.097
08/01/22 18:0,-0.101
08/03/22 08:0,-0.107
08/05/22 01:0,-0.114
08/06/22 18:0,-0.122
08/08/22 08:0,-0.13
08/10/22 01:0,-0.14
08/11/22 18:0,-0.15
08/13/22 08:0,-0.158
08/15/22 01:0,-0.165
08/16/22 18:0,-0.17
08/18/22 08:0,-0.175
08/20/22 01:0,-0.177
08/21/22 18:0,-0.177
08/23/22 08:0,-0.175
08/25/22 01:0,-0.171
08/26/22 18:0,-0.166
08/28/22 08:0,-0.159
08/30/22 01:0,-0.153
08/31/22 18:0,-0.147
09/02/22 08:0,-0.14
09/04/22 01:0,-0.133
09/05/22 18:0,-0.125
09/07/22 08:0,-0.118
09/09/22 01:0,-0.112
09/10/22 18:0,-0.106
09/12/22 08:0,-0.1
09/14/22 01:0,-0.096
09/15/22 18:0,-0.093
09/17/22 08:0,-0.092
09/19/22 01:0,-0.091
09/20/22 18:0,-0.088
09/22/22 08:0,-0.085
09/24/22 01:0,-0.081
09/25/22 18:0,-0.075
09/27/22 08:0,-0.068
09/29/22 01:0,-0.06
09/30/22 18:0,-0.053
10/02/22 08:0,-0.045
10/04/22 01:0,-0.034
10/05/22 18:0,-0.021
10/07/22 08:0,-0.008
10/09/22 01:0,0.006
10/10/22 18:0,0.019
10/12/22 08:0,0.032
10/14/22 01:0,0.046
10/15/22 18:0,0.061
10/17/22 08:0,0.073
10/19/22 01:0,0.085
10/20/22 18:0,0.095
10/22/22 08:0,0.104
10/24/22 01:0,0.112
10/25/22 18:0,0.117
10/27/22 08:0,0.123
10/29/22 01:0,0.123
10/30/22 18:0,0.122
11/01/22 08:0,0.122
11/03/22 01:0,0.124
11/04/22 18:0,0.125
11/06/22 08:0,0.138
11/08/22 01:0,0.142
11/09/22 18:0,0.146
11/11/22 08:0,0.149
11/13/22 01:0,0.154
11/14/22 18:0,0.159
11/16/22 08:0,0.175
11/18/22 01:0,0.179
11/19/22 18:0,0.181
11/21/22 08:0,0.181
11/23/22 01:0,0.18
11/24/22 18:0,0.178
11/26/22 08:0,0.2
11/28/22 01:0,0.196
11/29/22 18:0,0.189
12/01/22 08:0,0.181
12/03/22 01:0,0.171
12/04/22 18:0,0.161
12/06/22 08:0,0.18
12/08/22 01:0,0.17
12/09/22 18:0,0.158
12/11/22 08:0,0.146
12/13/22 01:0,0.136
12/14/22 18:0,0.126
12/16/22 08:0,0.129
12/18/22 01:0,0.124
12/19/22 18:0,0.121
12/21/22 08:0,0.122
12/23/22 01:0,0.124
12/24/22 18:0,0.131
12/26/22 08:0,0.149
12/28/22 01:0,0.161
12/29/22 18:0,0.174
12/31/22 08:0,0.189
01/02/23 01:0,0.205
01/03/23 18:0,0.219
01/05/23 08:0,0.232
01/07/23 01:0,0.243
01/08/23 18:0,0.253
01/10/23 08:0,0.262
01/12/23 01:0,0.269
01/13/23 18:0,0.275
01/15/23 08:0,0.279
01/17/23 01:0,0.281
01/18/23 18:0,0.281
01/20/23 08:0,0.279
01/22/23 01:0,0.277
01/23/23 18:0,0.272
01/25/23 08:0,0.267
01/27/23 01:0,0.261
01/28/23 18:0,0.256
01/30/23 08:0,0.253
02/01/23 01:0,0.25
02/02/23 18:0,0.249
02/04/23 08:0,0.249
02/06/23 01:0,0.249
02/07/23 18:0,0.25
02/09/23 08:0,0.252
02/11/23 01:0,0.255
02/12/23 18:0,0.257
02/14/23 08:0,0.259
02/16/23 01:0,0.261
02/17/23 18:0,0.261
02/19/23 08:0,0.261
02/21/23 01:0,0.26
02/22/23 18:0,0.258
02/24/23 08:0,0.254
02/26/23 01:0,0.247
02/27/23 18:0,0.239
03/01/23 08:0,0.23
03/03/23 01:0,0.221
03/04/23 18:0,0.21
03/06/23 08:0,0.2
03/08/23 01:0,0.19
03/09/23 18:0,0.179
03/11/23 08:0,0.17
03/13/23 01:0,0.16
03/14/23 18:0,0.152
03/16/23 08:0,0.146
03/18/23 01:0,0.141
03/19/23 18:0,0.137
03/21/23 08:0,0.133
03/23/23 01:0,0.131
03/24/23 18:0,0.129
03/26/23 08:0,0.128
03/28/23 01:0,0.128
03/29/23 18:0,0.125
03/31/23 08:0,0.122
04/02/23 01:0,0.117
04/03/23 18:0,0.112
04/05/23 08:0,0.108
04/07/23 01:0,0.104
04/08/23 18:0,0.101
04/10/23 08:0,0.098
04/12/23 01:0,0.095
04/13/23 18:0,0.093
04/15/23 08:0,0.091
04/17/23 01:0,0.091
04/18/23 18:0,0.091
04/20/23 08:0,0.094
04/22/23 01:0,0.097
04/23/23 18:0,0.102
04/25/23 08:0,0.105
04/27/23 01:0,0.108
04/28/23 18:0,0.114
04/30/23 08:0,0.122
05/02/23 01:0,0.13
05/03/23 18:0,0.138
05/05/23 08:0,0.144
05/07/23 01:0,0.149
05/08/23 18:0,0.152
05/10/23 08:0,0.155
05/12/23 01:0,0.156
05/13/23 18:0,0.155
05/15/23 08:0,0.15
05/17/23 01:0,0.139
05/18/23 18:0,0.125
05/20/23 08:0,0.111
05/22/23 01:0,0.094
05/23/23 18:0,0.081
05/25/23 08:0,0.064
05/27/23 01:0,0.052
05/28/23 18:0,0.041
05/30/23 08:0,0.031
06/01/23 01:0,0.022
06/02/23 18:0,0.016
06/04/23 08:0,0.009
06/06/23 01:0,0.005
06/07/23 18:0,0.004
06/09/23 08:0,0.005
06/11/23 01:0,0.007
06/12/23 18:0,0.011
06/14/23 08:0,0.017
06/16/23 01:0,0.025
06/17/23 18:0,0.033
06/19/23 08:0,0.043
06/21/23 01:0,0.051
06/22/23 18:0,0.057
06/24/23 08:0,0.062
06/26/23 01:0,0.066
06/27/23 18:0,0.069
06/29/23 08:0,0.07
07/01/23 01:0,0.07
07/02/23 18:0,0.069
07/04/23 08:0,0.066
07/06/23 01:0,0.061
07/07/23 18:0,0.056
07/09/23 08:0,0.048
07/11/23 01:0,0.039
07/12/23 18:0,0.031
07/14/23 08:0,0.023
07/16/23 01:0,0.015
07/17/23 18:0,0.008
07/19/23 08:0,0.0
07/21/23 01:0,-0.005
07/22/23 18:0,-0.007
07/24/23 08:0,-0.008
07/26/23 01:0,-0.008
07/27/23 18:0,-0.007
07/29/23 08:0,-0.008
07/31/23 01:0,-0.008
08/01/23 18:0,-0.001
08/03/23 08:0,-0.004
08/05/23 01:0,-0.008
08/06/23 18:0,-0.011
08/08/23 08:0,-0.016
08/10/23 01:0,-0.023
08/11/23 18:0,-0.02
08/13/23 08:0,-0.027
08/15/23 01:0,-0.036
08/16/23 18:0,-0.045
08/18/23 08:0,-0.055
08/20/23 01:0,-0.065
08/21/23 18:0,-0.065
08/23/23 08:0,-0.074
08/25/23 01:0,-0.082
08/26/23 18:0,-0.09
08/28/23 08:0,-0.097
08/30/23 01:0,-0.105
08/31/23 18:0,-0.104
09/02/23 08:0,-0.111
09/04/23 01:0,-0.117
09/05/23 18:0,-0.126
09/07/23 08:0,-0.136
09/09/23 01:0,-0.145
09/10/23 18:0,-0.14
09/12/23 08:0,-0.146
09/14/23 01:0,-0.151
09/15/23 18:0,-0.157
09/17/23 08:0,-0.165
09/19/23 01:0,-0.172
09/20/23 18:0,-0.152
09/22/23 08:0,-0.159
09/24/23 01:0,-0.164
09/25/23 18:0,-0.168
09/27/23 08:0,-0.173
09/29/23 01:0,-0.176
09/30/23 18:0,-0.149
10/02/23 08:0,-0.149
10/04/23 01:0,-0.147
10/05/23 18:0,-0.146
10/07/23 08:0,-0.144
10/09/23 01:0,-0.141
10/10/23 18:0,-0.127
10/12/23 08:0,-0.12
10/14/23 01:0,-0.112
10/15/23 18:0,-0.103
10/17/23 08:0,-0.093
10/19/23 01:0,-0.084
10/20/23 18:0,-0.076
10/22/23 08:0,-0.068
10/24/23 01:0,-0.061
10/25/23 18:0,-0.057
10/27/23 08:0,-0.054
10/29/23 01:0,-0.053
10/30/23 18:0,-0.055
11/01/23 08:0,-0.058
11/03/23 01:0,-0.063
11/04/23 18:0,-0.07
11/06/23 08:0,-0.078
11/08/23 01:0,-0.087
11/09/23 18:0,-0.097
11/11/23 08:0,-0.108
11/13/23 01:0,-0.117
11/14/23 18:0,-0.125
11/16/23 08:0,-0.13
11/18/23 01:0,-0.134
11/19/23 18:0,-0.136
11/21/23 08:0,-0.136
11/23/23 01:0,-0.134
11/24/23 18:0,-0.129
11/26/23 08:0,-0.123
11/28/23 01:0,-0.115
11/29/23 18:0,-0.107
12/01/23 08:0,-0.099
12/03/23 01:0,-0.091
12/04/23 18:0,-0.085
12/06/23 08:0,-0.081
12/08/23 01:0,-0.077
12/09/23 18:0,-0.073
12/11/23 08:0,-0.069
12/13/23 01:0,-0.067
12/14/23 18:0,-0.067
12/16/23 08:0,-0.069
12/18/23 01:0,-0.074
12/19/23 18:0,-0.079
12/21/23 08:0,-0.084
12/23/23 01:0,-0.09
12/24/23 18:0,-0.096
12/26/23 08:0,-0.102
12/28/23 01:0,-0.107
12/29/23 18:0,-0.112
12/31/23 08:0,-0.116
01/02/24 01:0,-0.119
01/03/24 18:0,-0.121
01/05/24 08:0,-0.122
01/07/24 01:0,-0.122
01/08/24 18:0,-0.121
01/10/24 08:0,-0.121
01/12/24 01:0,-0.12
01/13/24 18:0,-0.12
01/15/24 08:0,-0.119
01/17/24 01:0,-0.118
01/18/24 18:0,-0.117
01/20/24 08:0,-0.115
01/22/24 01:0,-0.113
01/23/24 18:0,-0.112
01/25/24 08:0,-0.112
01/27/24 01:0,-0.111
01/28/24 18:0,-0.109
01/30/24 08:0,-0.104
02/01/24 01:0,-0.099
02/02/24 18:0,-0.092
02/04/24 08:0,-0.085
02/06/24 01:0,-0.077
02/07/24 18:0,-0.068
02/09/24 08:0,-0.059
02/11/24 01:0,-0.048
02/12/24 18:0,-0.036
02/14/24 08:0,-0.022
02/16/24 01:0,-0.007
02/17/24 18:0,0.008
02/19/24 08:0,0.024
02/21/24 01:0,0.039
02/22/24 18:0,0.053
02/24/24 08:0,0.066
02/26/24 01:0,0.076
02/27/24 18:0,0.084
02/29/24 08:0,0.09
03/02/24 01:0,0.091
03/03/24 18:0,0.088
03/05/24 08:0,0.084
03/07/24 01:0,0.081
03/08/24 18:0,0.08
03/10/24 08:0,0.076
03/12/24 01:0,0.072
03/13/24 18:0,0.065
03/15/24 08:0,0.06
03/17/24 01:0,0.054
03/18/24 18:0,0.05
03/20/24 08:0,0.047
03/22/24 01:0,0.048
03/23/24 18:0,0.049
03/25/24 08:0,0.051
03/27/24 01:0,0.054
03/28/24 18:0,0.057
03/30/24 08:0,0.061
04/01/24 01:0,0.066
04/02/24 18:0,0.071
04/04/24 08:0,0.075
04/06/24 01:0,0.078
04/07/24 18:0,0.079
04/09/24 08:0,0.078
04/11/24 01:0,0.076
04/12/24 18:0,0.071
04/14/24 08:0,0.064
04/16/24 01:0,0.054
04/17/24 18:0,0.042
04/19/24 08:0,0.028
04/21/24 01:0,0.013
04/22/24 18:0,-0.002
04/24/24 08:0,-0.018
04/26/24 01:0,-0.034
04/27/24 18:0,-0.049
04/29/24 08:0,-0.064
05/01/24 01:0,-0.076
05/02/24 18:0,-0.085
05/04/24 08:0,-0.092
05/06/24 01:0,-0.095
05/07/24 18:0,-0.096
05/09/24 08:0,-0.094
05/11/24 01:0,-0.09
05/12/24 18:0,-0.084
05/14/24 08:0,-0.074
05/16/24 01:0,-0.065
05/17/24 18:0,-0.056
05/19/24 08:0,-0.047
05/21/24 01:0,-0.039
05/22/24 18:0,-0.034
05/24/24 08:0,-0.016
05/26/24 01:0,-0.012
05/27/24 18:0,-0.008
05/29/24 08:0,-0.004
05/31/24 01:0,-0.001
06/01/24 18:0,0.0
06/03/24 08:0,0.009
06/05/24 01:0,0.009
06/06/24 18:0,0.009
06/08/24 08:0,0.009
06/10/24 01:0,0.008
06/11/24 18:0,0.008
06/13/24 08:0,0.017
06/15/24 01:0,0.017
06/16/24 18:0,0.017
06/18/24 08:0,0.017
06/20/24 01:0,0.018
06/21/24 18:0,0.02
06/23/24 08:0,0.031
06/25/24 01:0,0.033
06/26/24 18:0,0.035
06/28/24 08:0,0.036
06/30/24 01:0,0.037
07/01/24 18:0,0.037
07/03/24 08:0,0.063
07/05/24 01:0,0.061
07/06/24 18:0,0.058
07/08/24 08:0,0.053
07/10/24 01:0,0.048
07/11/24 18:0,0.041
07/13/24 08:0,0.063
07/15/24 01:0,0.056
07/16/24 18:0,0.051
07/18/24 08:0,0.047
07/20/24 01:0,0.043
07/21/24 18:0,0.041
07/23/24 08:0,0.048
07/25/24 01:0,0.047
07/26/24 18:0,0.049
07/28/24 08:0,0.052
07/30/24 01:0,0.056
07/31/24 18:0,0.061
08/02/24 08:0,0.067
08/04/24 01:0,0.072
08/05/24 18:0,0.079
08/07/24 08:0,0.085
08/09/24 01:0,0.091
08/10/24 18:0,0.096
08/12/24 08:0,0.1
08/14/24 01:0,0.102
08/15/24 18:0,0.102
08/17/24 08:0,0.101
08/19/24 01:0,0.099
08/20/24 18:0,0.096
08/22/24 08:0,0.092
08/24/24 01:0,0.087
08/25/24 18:0,0.082
08/27/24 08:0,0.075
08/29/24 01:0,0.07
08/30/24 18:0,0.066
09/01/24 08:0,0.063
09/03/24 01:0,0.06
09/04/24 18:0,0.059
09/06/24 08:0,0.06
09/08/24 01:0,0.064
09/09/24 18:0,0.068
09/11/24 08:0,0.075
09/13/24 01:0,0.082
09/14/24 18:0,0.089
09/16/24 08:0,0.096
09/18/24 01:0,0.103
09/19/24 18:0,0.109
09/21/24 08:0,0.114
09/23/24 01:0,0.116
09/24/24 18:0,0.115
09/26/24 08:0,0.112
09/28/24 01:0,0.107
09/29/24 18:0,0.1
10/01/24 08:0,0.09
10/03/24 01:0,0.078
10/04/24 18:0,0.064
10/06/24 08:0,0.05
10/08/24 01:0,0.034
10/09/24 18:0,0.019
10/11/24 08:0,0.004
10/13/24 01:0,-0.01
10/14/24 18:0,-0.023
10/16/24 08:0,-0.034
10/18/24 01:0,-0.043
10/19/24 18:0,-0.05
10/21/24 08:0,-0.053
10/23/24 01:0,-0.053
10/24/24 18:0,-0.051
10/26/24 08:0,-0.047
10/28/24 01:0,-0.041
10/29/24 18:0,-0.034
10/31/24 08:0,-0.025
11/02/24 01:0,-0.017
11/03/24 18:0,-0.007
11/05/24 08:0,0.0
11/07/24 01:0,0.007
11/08/24 18:0,0.013
11/10/24 08:0,0.02
11/12/24 01:0,0.025
11/13/24 18:0,0.028
11/15/24 08:0,0.031
11/17/24 01:0,0.033
11/18/24 18:0,0.035
11/20/24 08:0,0.038
11/22/24 01:0,0.04
11/23/24 18:0,0.042
11/25/24 08:0,0.044
11/27/24 01:0,0.046
11/28/24 18:0,0.049
11/30/24 08:0,0.052
12/02/24 01:0,0.055
12/03/24 18:0,0.058
12/05/24 08:0,0.06
12/07/24 01:0,0.062
12/08/24 18:0,0.063
12/10/24 08:0,0.064
12/12/24 01:0,0.065
12/13/24 18:0,0.064
12/15/24 08:0,0.062
12/17/24 01:0,0.059
12/18/24 18:0,0.055
12/20/24 08:0,0.049
12/22/24 01:0,0.043
12/23/24 18:0,0.034
12/25/24 08:0,0.025
12/27/24 01:0,0.017
12/28/24 18:0,0.008
12/30/24 08:0,-0.002
01/01/25 01:0,-0.011
01/02/25 18:0,-0.019
01/04/25 08:0,-0.027
01/06/25 01:0,-0.033
01/07/25 18:0,-0.038
01/09/25 08:0,-0.04
01/11/25 01:0,-0.042
01/12/25 18:0,-0.043
01/14/25 08:0,-0.042
01/16/25 01:0,-0.041
01/17/25 18:0,-0.039
01/19/25 08:0,-0.038
01/21/25 01:0,-0.037
01/22/25 18:0,-0.037
01/24/25 08:0,-0.038
01/26/25 01:0,-0.042
01/27/25 18:0,-0.047
01/29/25 08:0,-0.053
01/31/25 01:0,-0.06
02/01/25 18:0,-0.068
02/03/25 08:0,-0.078
02/05/25 01:0,-0.089
02/06/25 18:0,-0.099
02/08/25 08:0,-0.111
02/10/25 01:0,-0.121
02/11/25 18:0,-0.131
02/13/25 08:0,-0.138
02/15/25 01:0,-0.144
02/16/25 18:0,-0.149
02/18/25 08:0,-0.152
02/20/25 01:0,-0.153
02/21/25 18:0,-0.151
02/23/25 08:0,-0.138
02/25/25 01:0,-0.134
02/26/25 18:0,-0.129
02/28/25 08:0,-0.122
03/02/25 01:0,-0.113
03/03/25 18:0,-0.104
03/05/25 08:0,-0.081
03/07/25 01:0,-0.075
03/08/25 18:0,-0.07
03/10/25 08:0,-0.067
03/12/25 01:0,-0.063
03/13/25 18:0,-0.061
03/15/25 08:0,-0.043
03/17/25 01:0,-0.045
03/18/25 18:0,-0.049
03/20/25 08:0,-0.055
03/22/25 01:0,-0.061
03/23/25 18:0,-0.069
03/25/25 08:0,-0.067
03/27/25 01:0,-0.075
03/28/25 18:0,-0.083
03/30/25 08:0,-0.09
04/01/25 01:0,-0.094
04/02/25 18:0,-0.097
04/04/25 08:0,-0.088
04/06/25 01:0,-0.088
04/07/25 18:0,-0.086
04/09/25 08:0,-0.084
04/11/25 01:0,-0.079
04/12/25 18:0,-0.074
04/14/25 08:0,-0.058
04/16/25 01:0,-0.051
04/17/25 18:0,-0.044
04/19/25 08:0,-0.037
04/21/25 01:0,-0.031
04/22/25 18:0,-0.025
04/24/25 08:0,-0.022
04/26/25 01:0,-0.02
04/27/25 18:0,-0.018
04/29/25 08:0,-0.018
05/01/25 01:0,-0.018
05/02/25 18:0,-0.019
05/04/25 08:0,-0.02
05/06/25 01:0,-0.022
05/07/25 18:0,-0.024
05/09/25 08:0,-0.025
05/11/25 01:0,-0.027
05/12/25 18:0,-0.029
05/14/25 08:0,-0.03
05/16/25 01:0,-0.031
05/17/25 18:0,-0.031
05/19/25 08:0,-0.032
05/21/25 01:0,-0.031
05/22/25 18:0,-0.031
05/24/25 08:0,-0.031
05/26/25 01:0,-0.031
05/27/25 18:0,-0.032
05/29/25 08:0,-0.033
05/31/25 01:0,-0.035
06/01/25 18:0,-0.037
06/03/25 08:0,-0.041
06/05/25 01:0,-0.045
06/06/25 18:0,-0.05
06/08/25 08:0,-0.056
06/10/25 01:0,-0.061
06/11/25 18:0,-0.067
06/13/25 08:0,-0.072
06/15/25 01:0,-0.076
06/16/25 18:0,-0.079
06/18/25 08:0,-0.081
06/20/25 01:0,-0.081
06/21/25 18:0,-0.079
06/23/25 08:0,-0.075
06/25/25 01:0,-0.069
06/26/25 18:0,-0.061
06/28/25 08:0,-0.052
06/30/25 01:0,-0.041
07/01/25 18:0,-0.031
07/03/25 08:0,-0.02
07/05/25 01:0,-0.01
07/06/25 18:0,0.0
07/08/25 08:0,0.009
07/10/25 01:0,0.018
07/11/25 18:0,0.025
07/13/25 08:0,0.03
07/15/25 01:0,0.033
07/16/25 18:0,0.034
07/18/25 08:0,0.033
07/20/25 01:0,0.03
07/21/25 18:0,0.026
07/23/25 08:0,0.02
07/25/25 01:0,0.013
07/26/25 18:0,0.006
07/28/25 08:0,0.0
07/30/25 01:0,-0.007
07/31/25 18:0,-0.013
08/02/25 08:0,-0.018
08/04/25 01:0,-0.022
08/05/25 18:0,-0.023
08/07/25 08:0,-0.023
08/09/25 01:0,-0.02
08/10/25 18:0,-0.016
08/12/25 08:0,-0.01
08/14/25 01:0,-0.004
08/15/25 18:0,0.004
08/17/25 08:0,0.011
08/19/25 01:0,0.018
08/20/25 18:0,0.025
08/22/25 08:0,0.03
08/24/25 01:0,0.034
08/25/25 18:0,0.036
08/27/25 08:0,0.037
08/29/25 01:0,0.035
08/30/25 18:0,0.032
09/01/25 08:0,0.027
09/03/25 01:0,0.02
09/04/25 18:0,0.013
09/06/25 08:0,0.005
09/08/25 01:0,-0.004
09/09/25 18:0,-0.013
09/11/25 08:0,-0.023
09/13/25 01:0,-0.031
09/14/25 18:0,-0.039
09/16/25 08:0,-0.044
09/18/25 01:0,-0.049
09/19/25 18:0,-0.051
09/21/25 08:0,-0.051
09/23/25 01:0,-0.05
09/24/25 18:0,-0.048
09/26/25 08:0,-0.045
09/28/25 01:0,-0.04
09/29/25 18:0,-0.036
10/01/25 08:0,-0.031
10/03/25 01:0,-0.026
10/04/25 18:0,-0.021
10/06/25 08:0,-0.018
10/08/25 01:0,-0.014
10/09/25 18:0,-0.013
10/11/25 08:0,-0.013
10/13/25 01:0,-0.013
10/14/25 18:0,-0.013
10/16/25 08:0,-0.014
10/18/25 01:0,-0.014
10/19/25 18:0,-0.016
10/21/25 08:0,-0.017
10/23/25 01:0,-0.018
10/24/25 18:0,-0.019
10/26/25 08:0,-0.02
10/28/25 01:0,-0.021
10/29/25 18:0,-0.021
10/31/25 08:0,-0.021
11/02/25 01:0,-0.021
11/03/25 18:0,-0.021
11/05/25 08:0,-0.021
11/07/25 01:0,-0.022
11/08/25 18:0,-0.023
11/10/25 08:0,-0.026
11/12/25 01:0,-0.029
11/13/25 18:0,-0.033
11/15/25 08:0,-0.038
11/17/25 01:0,-0.045
11/18/25 18:0,-0.052
11/20/25 08:0,-0.06
11/22/25 01:0,-0.069
11/23/25 18:0,-0.078
11/25/25 08:0,-0.087
11/27/25 01:0,-0.095
11/28/25 18:0,-0.102
11/30/25 08:0,-0.107
12/02/25 01:0,-0.11
12/03/25 18:0,-0.111
12/05/25 08:0,-0.11
12/07/25 01:0,-0.106
12/08/25 18:0,-0.093
12/10/25 08:0,-0.085
12/12/25 01:0,-0.075
12/13/25 18:0,-0.063
12/15/25 08:0,-0.049
12/17/25 01:0,-0.034
12/18/25 18:0,-0.008
12/20/25 08:0,0.007
12/22/25 01:0,0.021
12/23/25 18:0,0.035
12/25/25 08:0,0.047
12/27/25 01:0,0.058
12/28/25 18:0,0.087
12/30/25 08:0,0.094
01/01/26 01:0,0.1
01/02/26 18:0,0.103
01/04/26 08:0,0.105
01/06/26 01:0,0.132
01/07/26 18:0,0.131
01/09/26 08:0,0.129
01/11/26 01:0,0.127
01/12/26 18:0,0.125
01/14/26 08:0,0.124
01/16/26 01:0,0.133
01/17/26 18:0,0.133
01/19/26 08:0,0.133
01/21/26 01:0,0.134
01/22/26 18:0,0.137
01/24/26 08:0,0.142
01/26/26 01:0,0.156
01/27/26 18:0,0.161
01/29/26 08:0,0.166
01/31/26 01:0,0.171
02/01/26 18:0,0.175
02/03/26 08:0,0.178
02/05/26 01:0,0.191
02/06/26 18:0,0.191
02/08/26 08:0,0.19
02/10/26 01:0,0.186
02/11/26 18:0,0.18
02/13/26 08:0,0.172
02/15/26 01:0,0.161
02/16/26 18:0,0.15
02/18/26 08:0,0.138
02/20/26 01:0,0.125
02/21/26 18:0,0.112
02/23/26 08:0,0.099
02/25/26 01:0,0.084
02/26/26 18:0,0.069
02/28/26 08:0,0.056
03/02/26 01:0,0.046
03/03/26 18:0,0.039
03/05/26 08:0,0.033
03/07/26 01:0,0.03
03/08/26 18:0,0.028
03/10/26 08:0,0.027
03/12/26 01:0,0.028
03/13/26 18:0,0.03
03/15/26 08:0,0.033
03/17/26 01:0,0.037
03/18/26 18:0,0.04
03/20/26 08:0,0.044
03/22/26 01:0,0.048
03/23/26 18:0,0.052
03/25/26 08:0,0.056
