timestamp,kw_energy_consumption,prediction
2016-04-03 20:00:00,-0.077,-0.07327409748735944
2016-04-05 12:00:00,-0.074,-0.07035731777230814
2016-04-07 03:00:00,-0.072,-0.07035731777230814
2016-04-08 20:00:00,-0.07,-0.05234003304206569
2016-04-10 12:00:00,-0.069,-0.07035731777230814
2016-04-12 03:00:00,-0.069,-0.07327409748735944
2016-04-13 20:00:00,-0.07,-0.07035731777230814
2016-04-15 12:00:00,-0.072,-0.07327409748735944
2016-04-17 03:00:00,-0.075,-0.07327409748735944
2016-04-18 20:00:00,-0.076,-0.07327409748735944
2016-04-20 12:00:00,-0.076,-0.07327409748735944
2016-04-22 03:00:00,-0.075,-0.07327409748735944
2016-04-23 20:00:00,-0.073,-0.07035731777230814
2016-04-25 12:00:00,-0.07,-0.05234003304206569
2016-04-27 03:00:00,-0.067,-0.07035731777230814
2016-04-28 20:00:00,-0.063,-0.07327409748735944
2016-04-30 12:00:00,-0.059,-0.03663056010151789
2016-05-02 03:00:00,-0.054,-0.03663056010151789
2016-05-03 20:00:00,-0.05,-0.03663056010151789
2016-05-05 12:00:00,-0.045,-0.01855028035467638
2016-05-07 03:00:00,-0.041,-0.03897957545548617
2016-05-08 20:00:00,-0.037,-0.03897957545548617
2016-05-10 12:00:00,-0.034,-0.03897957545548617
2016-05-12 03:00:00,-0.03,-0.01855028035467638
2016-05-13 20:00:00,-0.027,-0.01855028035467638
2016-05-15 12:00:00,-0.024,-0.026933128866431837
2016-05-17 03:00:00,-0.021,-0.00601464712723937
2016-05-18 20:00:00,-0.018,-0.00601464712723937
2016-05-20 12:00:00,-0.014,-0.01527687053749905
2016-05-22 03:00:00,-0.009,-0.01527687053749905
2016-05-23 20:00:00,-0.004,0.0007249464094225626
2016-05-25 12:00:00,0.003,0.01533500539251419
2016-05-27 03:00:00,0.012,0.01533500539251419
2016-05-28 20:00:00,0.021,0.028094907547874845
2016-05-30 12:00:00,0.031,0.028094907547874845
2016-06-01 03:00:00,0.043,0.0443700574798298
2016-06-02 20:00:00,0.058,0.05911133269441562
2016-06-04 12:00:00,0.074,0.06514053264405156
2016-06-06 03:00:00,0.091,0.08375636255237025
2016-06-07 20:00:00,0.107,0.09311339814472737
2016-06-09 12:00:00,0.123,0.11324446808002775
2016-06-11 03:00:00,0.148,0.151051799073784
2016-06-12 20:00:00,0.163,0.15728415338697724
2016-06-14 12:00:00,0.177,0.18862959930093998
2016-06-16 03:00:00,0.191,0.19765658742
2016-06-17 20:00:00,0.203,0.20592693134356124
2016-06-19 12:00:00,0.209,0.21547507416827041
2016-06-21 03:00:00,0.233,0.21547507416827041
2016-06-22 20:00:00,0.236,0.2339531696138462
2016-06-24 12:00:00,0.238,0.23634496161699997
2016-06-26 03:00:00,0.239,0.23634496161699997
2016-06-27 20:00:00,0.24,0.2339531696138462
2016-06-29 12:00:00,0.24,0.23039721968727458
2016-07-01 03:00:00,0.262,0.22428202999999997
2016-07-02 20:00:00,0.26,0.2339531696138462
2016-07-04 12:00:00,0.259,0.2339531696138462
2016-07-06 03:00:00,0.258,0.23634496161699997
2016-07-07 20:00:00,0.26,0.23634496161699997
2016-07-09 12:00:00,0.264,0.3318338354044665
2016-07-11 03:00:00,0.278,0.29155299999999995
2016-07-12 20:00:00,0.284,0.22208782999999999
2016-07-14 12:00:00,0.289,0.23634496161699997
2016-07-16 03:00:00,0.296,0.22208782999999999
2016-07-17 20:00:00,0.305,0.1627456156942585
2016-07-19 12:00:00,0.314,0.1627456156942585
2016-07-21 03:00:00,0.331,0.3318338354044665
2016-07-22 20:00:00,0.341,0.3318338354044665
2016-07-24 12:00:00,0.347,0.3318338354044665
2016-07-26 03:00:00,0.354,0.3318338354044665
2016-07-27 20:00:00,0.357,0.3318338354044665
2016-07-29 12:00:00,0.358,0.3318338354044665
2016-07-31 03:00:00,0.366,0.3318338354044665
2016-08-01 20:00:00,0.363,0.3318338354044665
2016-08-03 12:00:00,0.357,0.3318338354044665
2016-08-05 03:00:00,0.35,0.3318338354044665
2016-08-06 20:00:00,0.34,0.3318338354044665
2016-08-08 12:00:00,0.328,0.3318338354044665
2016-08-10 03:00:00,0.321,0.3318338354044665
2016-08-11 20:00:00,0.305,0.2339531696138462
2016-08-13 12:00:00,0.287,0.2339531696138462
2016-08-15 03:00:00,0.269,0.22208782999999999
2016-08-16 20:00:00,0.252,0.22208782999999999
2016-08-18 12:00:00,0.233,0.2339531696138462
2016-08-20 03:00:00,0.215,0.21547507416827041
2016-08-21 20:00:00,0.203,0.19151578160891247
2016-08-23 12:00:00,0.192,0.1792459799009022
2016-08-25 03:00:00,0.185,0.1627456156942585
2016-08-26 20:00:00,0.178,0.18862959930093998
2016-08-28 12:00:00,0.169,0.1627456156942585
2016-08-30 03:00:00,0.167,0.1627456156942585
2016-08-31 20:00:00,0.168,0.15728415338697724
2016-09-02 12:00:00,0.17,0.1484028017183307
2016-09-04 03:00:00,0.176,0.18862959930093998
2016-09-05 20:00:00,0.183,0.1627456156942585
2016-09-07 12:00:00,0.19,0.1627456156942585
2016-09-09 03:00:00,0.197,0.20592693134356124
2016-09-10 20:00:00,0.203,0.20592693134356124
2016-09-12 12:00:00,0.207,0.21547507416827041
2016-09-14 03:00:00,0.211,0.22208782999999999
2016-09-15 20:00:00,0.213,0.22208782999999999
2016-09-17 12:00:00,0.214,0.22208782999999999
2016-09-19 03:00:00,0.215,0.22208782999999999
2016-09-20 20:00:00,0.215,0.22208782999999999
2016-09-22 12:00:00,0.215,0.22208782999999999
2016-09-24 03:00:00,0.212,0.22208782999999999
2016-09-25 20:00:00,0.209,0.22208782999999999
2016-09-27 12:00:00,0.204,0.19151578160891247
2016-09-29 03:00:00,0.2,0.2126978261684384
2016-09-30 20:00:00,0.195,0.20592693134356124
2016-10-02 12:00:00,0.192,0.1792459799009022
2016-10-04 03:00:00,0.189,0.1627456156942585
2016-10-05 20:00:00,0.187,0.1627456156942585
2016-10-07 12:00:00,0.184,0.1627456156942585
2016-10-09 03:00:00,0.18,0.18862959930093998
2016-10-10 20:00:00,0.177,0.18862959930093998
2016-10-12 12:00:00,0.175,0.1484028017183307
2016-10-14 03:00:00,0.173,0.1484028017183307
2016-10-15 20:00:00,0.17,0.1484028017183307
2016-10-17 12:00:00,0.165,0.1484028017183307
2016-10-19 03:00:00,0.16,0.15728415338697724
2016-10-20 20:00:00,0.153,0.151051799073784
2016-10-22 12:00:00,0.145,0.15728415338697724
2016-10-24 03:00:00,0.135,0.12344417847649033
2016-10-25 20:00:00,0.123,0.11324446808002775
2016-10-27 12:00:00,0.109,0.10236150111611776
2016-10-29 03:00:00,0.096,0.11062075354751984
2016-10-30 20:00:00,0.083,0.0737272975286278
2016-11-01 12:00:00,0.071,0.06514053264405156
2016-11-03 03:00:00,0.059,0.05911133269441562
2016-11-04 20:00:00,0.046,0.0443700574798298
2016-11-06 12:00:00,0.034,0.028094907547874845
2016-11-08 03:00:00,0.024,0.028094907547874845
2016-11-09 20:00:00,0.014,0.02184782628873932
2016-11-11 12:00:00,0.006,0.01533500539251419
2016-11-13 03:00:00,-0.001,0.01533500539251419
2016-11-14 20:00:00,-0.006,-0.00601464712723937
2016-11-16 12:00:00,-0.01,-0.01527687053749905
2016-11-18 03:00:00,-0.012,-0.01527687053749905
2016-11-19 20:00:00,-0.013,-0.01527687053749905
2016-11-21 12:00:00,-0.014,-0.01527687053749905
2016-11-23 03:00:00,-0.014,-0.01527687053749905
2016-11-24 20:00:00,-0.014,-0.01527687053749905
2016-11-26 12:00:00,-0.015,-0.01855028035467638
2016-11-28 03:00:00,-0.017,-0.01855028035467638
2016-11-29 20:00:00,-0.019,-0.020321882643758074
2016-12-01 12:00:00,-0.024,-0.026933128866431837
2016-12-03 03:00:00,-0.03,-0.01855028035467638
2016-12-04 20:00:00,-0.037,-0.01855028035467638
2016-12-06 12:00:00,-0.045,-0.03897957545548617
2016-12-08 03:00:00,-0.056,-0.03663056010151789
2016-12-09 20:00:00,-0.068,-0.07035731777230814
2016-12-11 12:00:00,-0.083,-0.07924451344396027
2016-12-13 03:00:00,-0.1,-0.10159243695275788
2016-12-14 20:00:00,-0.115,-0.11946671697059558
2016-12-16 12:00:00,-0.128,-0.13505822580082616
2016-12-18 03:00:00,-0.14,-0.1439189848452646
2016-12-19 20:00:00,-0.154,-0.1439189848452646
2016-12-21 12:00:00,-0.167,-0.18078440550789993
2016-12-23 03:00:00,-0.18,-0.18078440550789993
2016-12-24 20:00:00,-0.191,-0.17421750990699997
2016-12-26 12:00:00,-0.195,-0.17421750990699997
2016-12-28 03:00:00,-0.198,-0.17421750990699997
2016-12-29 20:00:00,-0.198,-0.17421750990699997
2016-12-31 12:00:00,-0.196,-0.18078440550789993
2017-01-02 03:00:00,-0.196,-0.17421750990699997
2017-01-03 20:00:00,-0.2,-0.17421750990699997
2017-01-05 12:00:00,-0.199,-0.17421750990699997
2017-01-07 03:00:00,-0.195,-0.18078440550789993
2017-01-08 20:00:00,-0.191,-0.17421750990699997
2017-01-10 12:00:00,-0.188,-0.17421750990699997
2017-01-12 03:00:00,-0.186,-0.17421750990699997
2017-01-13 20:00:00,-0.186,-0.17421750990699997
2017-01-15 12:00:00,-0.186,-0.17421750990699997
2017-01-17 03:00:00,-0.189,-0.17421750990699997
2017-01-18 20:00:00,-0.194,-0.17421750990699997
2017-01-20 12:00:00,-0.2,-0.17421750990699997
2017-01-22 03:00:00,-0.21,-0.17421750990699997
2017-01-23 20:00:00,-0.218,-0.17421750990699997
2017-01-25 12:00:00,-0.228,-0.18078440550789993
2017-01-27 03:00:00,-0.24,-0.18078440550789993
2017-01-28 20:00:00,-0.252,-0.18078440550789993
2017-01-30 12:00:00,-0.27,-0.18078440550789993
2017-02-01 03:00:00,-0.287,0.1627456156942585
2017-02-02 20:00:00,-0.3,0.1627456156942585
2017-02-04 12:00:00,-0.309,0.1627456156942585
2017-02-06 03:00:00,-0.315,0.10236150111611776
2017-02-07 20:00:00,-0.319,0.10236150111611776
2017-02-09 12:00:00,-0.324,0.10236150111611776
2017-02-11 03:00:00,-0.326,0.10236150111611776
2017-02-12 20:00:00,-0.326,0.10236150111611776
2017-02-14 12:00:00,-0.324,0.10236150111611776
2017-02-16 03:00:00,-0.319,0.10236150111611776
2017-02-17 20:00:00,-0.313,0.10236150111611776
2017-02-19 12:00:00,-0.307,0.1627456156942585
2017-02-21 03:00:00,-0.301,-0.19937927967616026
2017-02-22 20:00:00,-0.286,-0.223553
2017-02-24 12:00:00,-0.279,-0.223553
2017-02-26 03:00:00,-0.272,-0.223553
2017-02-27 20:00:00,-0.266,-0.18078440550789993
2017-03-01 12:00:00,-0.26,-0.18078440550789993
2017-03-03 03:00:00,-0.255,-0.18078440550789993
2017-03-04 20:00:00,-0.251,-0.18078440550789993
2017-03-06 12:00:00,-0.249,-0.18078440550789993
2017-03-08 03:00:00,-0.247,-0.18078440550789993
2017-03-09 20:00:00,-0.245,-0.17421750990699997
2017-03-11 12:00:00,-0.242,-0.17421750990699997
2017-03-13 03:00:00,-0.238,-0.18078440550789993
2017-03-14 20:00:00,-0.23,-0.18078440550789993
2017-03-16 12:00:00,-0.227,-0.18078440550789993
2017-03-18 03:00:00,-0.223,-0.18078440550789993
2017-03-19 20:00:00,-0.219,-0.18078440550789993
2017-03-21 12:00:00,-0.213,-0.17421750990699997
2017-03-23 03:00:00,-0.207,-0.18078440550789993
2017-03-24 20:00:00,-0.193,-0.18078440550789993
2017-03-26 12:00:00,-0.188,-0.17421750990699997
2017-03-28 03:00:00,-0.182,-0.18078440550789993
2017-03-29 20:00:00,-0.177,-0.18078440550789993
2017-03-31 12:00:00,-0.171,-0.18078440550789993
2017-04-02 03:00:00,-0.167,-0.18078440550789993
2017-04-03 20:00:00,-0.159,-0.1439189848452646
2017-04-05 12:00:00,-0.157,-0.1439189848452646
2017-04-07 03:00:00,-0.157,-0.1439189848452646
2017-04-08 20:00:00,-0.158,-0.1439189848452646
2017-04-10 12:00:00,-0.159,-0.1439189848452646
2017-04-12 03:00:00,-0.161,-0.17421750990699997
2017-04-13 20:00:00,-0.145,-0.1439189848452646
2017-04-15 12:00:00,-0.151,-0.1439189848452646
2017-04-17 03:00:00,-0.157,-0.1439189848452646
2017-04-18 20:00:00,-0.162,-0.17421750990699997
2017-04-20 12:00:00,-0.167,-0.18078440550789993
2017-04-22 03:00:00,-0.171,-0.18078440550789993
2017-04-23 20:00:00,-0.15,-0.1439189848452646
2017-04-25 12:00:00,-0.151,-0.1439189848452646
2017-04-27 03:00:00,-0.15,-0.1439189848452646
2017-04-28 20:00:00,-0.148,-0.1439189848452646
2017-04-30 12:00:00,-0.144,-0.1439189848452646
2017-05-02 03:00:00,-0.138,-0.13075309156757836
2017-05-03 20:00:00,-0.123,-0.11645558023473893
2017-05-05 12:00:00,-0.115,-0.11946671697059558
2017-05-07 03:00:00,-0.106,-0.10159243695275788
2017-05-08 20:00:00,-0.098,-0.10159243695275788
2017-05-10 12:00:00,-0.09,-0.07924451344396027
2017-05-12 03:00:00,-0.082,-0.0677557358376045
2017-05-13 20:00:00,-0.067,-0.05234003304206569
2017-05-15 12:00:00,-0.061,-0.0677557358376045
2017-05-17 03:00:00,-0.057,-0.03663056010151789
2017-05-18 20:00:00,-0.055,-0.03663056010151789
2017-05-20 12:00:00,-0.054,-0.03663056010151789
2017-05-22 03:00:00,-0.046,-0.01855028035467638
2017-05-23 20:00:00,-0.049,-0.03663056010151789
2017-05-25 12:00:00,-0.053,-0.03663056010151789
2017-05-27 03:00:00,-0.059,-0.03663056010151789
2017-05-28 20:00:00,-0.065,-0.07035731777230814
2017-05-30 12:00:00,-0.072,-0.07327409748735944
2017-06-01 03:00:00,-0.078,-0.07924451344396027
2017-06-02 20:00:00,-0.085,-0.08805593894332107
2017-06-04 12:00:00,-0.089,-0.07924451344396027
2017-06-06 03:00:00,-0.093,-0.09796344466876583
2017-06-07 20:00:00,-0.095,-0.10374928836449546
2017-06-09 12:00:00,-0.094,-0.09796344466876583
2017-06-11 03:00:00,-0.092,-0.09796344466876583
2017-06-12 20:00:00,-0.087,-0.07924451344396027
2017-06-14 12:00:00,-0.079,-0.07327409748735944
2017-06-16 03:00:00,-0.069,-0.05234003304206569
2017-06-17 20:00:00,-0.058,-0.03663056010151789
2017-06-19 12:00:00,-0.045,-0.01855028035467638
2017-06-21 03:00:00,-0.031,-0.01855028035467638
2017-06-22 20:00:00,-0.017,-0.00601464712723937
2017-06-24 12:00:00,-0.002,0.0007249464094225626
2017-06-26 03:00:00,0.011,0.01533500539251419
2017-06-27 20:00:00,0.024,0.028094907547874845
2017-06-29 12:00:00,0.036,0.028094907547874845
2017-07-01 03:00:00,0.046,0.0443700574798298
2017-07-02 20:00:00,0.054,0.05911133269441562
2017-07-04 12:00:00,0.061,0.04985093487104232
2017-07-06 03:00:00,0.066,0.06514053264405156
2017-07-07 20:00:00,0.07,0.06514053264405156
2017-07-09 12:00:00,0.072,0.06514053264405156
2017-07-11 03:00:00,0.072,0.06514053264405156
2017-07-12 20:00:00,0.072,0.06514053264405156
2017-07-14 12:00:00,0.071,0.06514053264405156
2017-07-16 03:00:00,0.068,0.06514053264405156
2017-07-17 20:00:00,0.064,0.05911133269441562
2017-07-19 12:00:00,0.061,0.062238691097487905
2017-07-21 03:00:00,0.059,0.04985093487104232
2017-07-22 20:00:00,0.058,0.04985093487104232
2017-07-24 12:00:00,0.06,0.04985093487104232
2017-07-26 03:00:00,0.061,0.04985093487104232
2017-07-27 20:00:00,0.065,0.06514053264405156
2017-07-29 12:00:00,0.07,0.06514053264405156
2017-07-31 03:00:00,0.077,0.0737272975286278
2017-08-01 20:00:00,0.085,0.0737272975286278
2017-08-03 12:00:00,0.094,0.08375636255237025
2017-08-05 03:00:00,0.101,0.09311339814472737
2017-08-06 20:00:00,0.107,0.09311339814472737
2017-08-08 12:00:00,0.115,0.10236150111611776
2017-08-10 03:00:00,0.12,0.10236150111611776
2017-08-11 20:00:00,0.124,0.10236150111611776
2017-08-13 12:00:00,0.128,0.12344417847649033
2017-08-15 03:00:00,0.13,0.12344417847649033
2017-08-16 20:00:00,0.13,0.12344417847649033
2017-08-18 12:00:00,0.13,0.12344417847649033
2017-08-20 03:00:00,0.131,0.12344417847649033
2017-08-21 20:00:00,0.131,0.12344417847649033
2017-08-23 12:00:00,0.13,0.12344417847649033
2017-08-25 03:00:00,0.128,0.12344417847649033
2017-08-26 20:00:00,0.126,0.12344417847649033
2017-08-28 12:00:00,0.125,0.10236150111611776
2017-08-30 03:00:00,0.125,0.10236150111611776
2017-08-31 20:00:00,0.126,0.12344417847649033
2017-09-02 12:00:00,0.127,0.12344417847649033
2017-09-04 03:00:00,0.128,0.12344417847649033
2017-09-05 20:00:00,0.129,0.12344417847649033
2017-09-07 12:00:00,0.13,0.12344417847649033
2017-09-09 03:00:00,0.133,0.1484028017183307
2017-09-10 20:00:00,0.135,0.1484028017183307
2017-09-12 12:00:00,0.138,0.1301273177246501
2017-09-14 03:00:00,0.14,0.1301273177246501
2017-09-15 20:00:00,0.14,0.1301273177246501
2017-09-17 12:00:00,0.14,0.1301273177246501
2017-09-19 03:00:00,0.138,0.1301273177246501
2017-09-20 20:00:00,0.136,0.1301273177246501
2017-09-22 12:00:00,0.132,0.1484028017183307
2017-09-24 03:00:00,0.127,0.11062075354751984
2017-09-25 20:00:00,0.12,0.10236150111611776
2017-09-27 12:00:00,0.113,0.10236150111611776
2017-09-29 03:00:00,0.104,0.09311339814472737
2017-09-30 20:00:00,0.096,0.08375636255237025
2017-10-02 12:00:00,0.088,0.0737272975286278
2017-10-04 03:00:00,0.082,0.0737272975286278
2017-10-05 20:00:00,0.078,0.0737272975286278
2017-10-07 12:00:00,0.077,0.06514053264405156
2017-10-09 03:00:00,0.077,0.06514053264405156
2017-10-10 20:00:00,0.08,0.0737272975286278
2017-10-12 12:00:00,0.084,0.0737272975286278
2017-10-14 03:00:00,0.092,0.08375636255237025
2017-10-15 20:00:00,0.103,0.09311339814472737
2017-10-17 12:00:00,0.115,0.10236150111611776
2017-10-19 03:00:00,0.13,0.10236150111611776
2017-10-20 20:00:00,0.146,0.151051799073784
2017-10-22 12:00:00,0.161,0.15728415338697724
2017-10-24 03:00:00,0.178,0.18862959930093998
2017-10-25 20:00:00,0.195,0.20592693134356124
2017-10-27 12:00:00,0.211,0.21547507416827041
2017-10-29 03:00:00,0.225,0.21547507416827041
2017-10-30 20:00:00,0.238,0.2339531696138462
2017-11-01 12:00:00,0.25,0.23634496161699997
2017-11-03 03:00:00,0.26,0.23634496161699997
2017-11-04 20:00:00,0.267,0.2339531696138462
2017-11-06 12:00:00,0.272,0.23039721968727458
2017-11-08 03:00:00,0.275,0.2339531696138462
2017-11-09 20:00:00,0.277,0.2339531696138462
2017-11-11 12:00:00,0.276,0.22208782999999999
2017-11-13 03:00:00,0.274,0.22208782999999999
2017-11-14 20:00:00,0.271,0.23634496161699997
2017-11-16 12:00:00,0.267,0.22208782999999999
2017-11-18 03:00:00,0.264,0.22208782999999999
2017-11-19 20:00:00,0.262,0.22208782999999999
2017-11-21 12:00:00,0.259,0.23634496161699997
2017-11-23 03:00:00,0.258,0.23634496161699997
2017-11-24 20:00:00,0.258,0.20592693134356124
2017-11-26 12:00:00,0.261,0.246
2017-11-28 03:00:00,0.265,0.3318338354044665
2017-11-29 20:00:00,0.272,0.3318338354044665
2017-12-01 12:00:00,0.279,0.23634496161699997
2017-12-03 03:00:00,0.288,0.22208782999999999
2017-12-04 20:00:00,0.296,0.2339531696138462
2017-12-06 12:00:00,0.304,0.1627456156942585
2017-12-08 03:00:00,0.312,0.1627456156942585
2017-12-09 20:00:00,0.32,0.3318338354044665
2017-12-11 12:00:00,0.327,0.3318338354044665
2017-12-13 03:00:00,0.331,0.3318338354044665
2017-12-14 20:00:00,0.333,0.3318338354044665
2017-12-16 12:00:00,0.34,0.3318338354044665
2017-12-18 03:00:00,0.335,0.3318338354044665
2017-12-19 20:00:00,0.33,0.3318338354044665
2017-12-21 12:00:00,0.325,0.3318338354044665
2017-12-23 03:00:00,0.319,0.3318338354044665
2017-12-24 20:00:00,0.313,0.3318338354044665
2017-12-26 12:00:00,0.314,0.3318338354044665
2017-12-28 03:00:00,0.305,0.2339531696138462
2017-12-29 20:00:00,0.296,0.2339531696138462
2017-12-31 12:00:00,0.288,0.22208782999999999
2018-01-02 03:00:00,0.279,0.2339531696138462
2018-01-03 20:00:00,0.272,0.22208782999999999
2018-01-05 12:00:00,0.275,0.2339531696138462
2018-01-07 03:00:00,0.271,0.23039721968727458
2018-01-08 20:00:00,0.268,0.2339531696138462
2018-01-10 12:00:00,0.262,0.2339531696138462
2018-01-12 03:00:00,0.259,0.2339531696138462
2018-01-13 20:00:00,0.256,0.2339531696138462
2018-01-15 12:00:00,0.265,0.3318338354044665
2018-01-17 03:00:00,0.267,0.23634496161699997
2018-01-18 20:00:00,0.27,0.30752084199999996
2018-01-20 12:00:00,0.273,0.3318338354044665
2018-01-22 03:00:00,0.275,0.23634496161699997
2018-01-23 20:00:00,0.275,0.22208782999999999
2018-01-25 12:00:00,0.281,0.23634496161699997
2018-01-27 03:00:00,0.28,0.22208782999999999
2018-01-28 20:00:00,0.276,0.22208782999999999
2018-01-30 12:00:00,0.276,0.22208782999999999
2018-02-01 03:00:00,0.274,0.23634496161699997
2018-02-02 20:00:00,0.293,0.22208782999999999
2018-02-04 12:00:00,0.29,0.22208782999999999
2018-02-06 03:00:00,0.289,0.22208782999999999
2018-02-07 20:00:00,0.286,0.22208782999999999
2018-02-09 12:00:00,0.285,0.22208782999999999
2018-02-11 03:00:00,0.283,0.22208782999999999
2018-02-12 20:00:00,0.305,0.1627456156942585
2018-02-14 12:00:00,0.303,0.2339531696138462
2018-02-16 03:00:00,0.298,0.2339531696138462
2018-02-17 20:00:00,0.294,0.2339531696138462
2018-02-19 12:00:00,0.289,0.22208782999999999
2018-02-21 03:00:00,0.283,0.22208782999999999
2018-02-22 20:00:00,0.288,0.2339531696138462
2018-02-24 12:00:00,0.284,0.2339531696138462
2018-02-26 03:00:00,0.279,0.23634496161699997
2018-02-27 20:00:00,0.274,0.22208782999999999
2018-03-01 12:00:00,0.269,0.22208782999999999
2018-03-03 03:00:00,0.261,0.22208782999999999
2018-03-04 20:00:00,0.26,0.23634496161699997
2018-03-06 12:00:00,0.251,0.23634496161699997
2018-03-08 03:00:00,0.238,0.23634496161699997
2018-03-09 20:00:00,0.223,0.20592693134356124
2018-03-11 12:00:00,0.205,0.21547507416827041
2018-03-13 03:00:00,0.186,0.18862959930093998
2018-03-14 20:00:00,0.163,0.15728415338697724
2018-03-16 12:00:00,0.144,0.1484028017183307
2018-03-18 03:00:00,0.125,0.11324446808002775
2018-03-19 20:00:00,0.106,0.09311339814472737
2018-03-21 12:00:00,0.09,0.08375636255237025
2018-03-23 03:00:00,0.075,0.06514053264405156
2018-03-24 20:00:00,0.063,0.05911133269441562
2018-03-26 12:00:00,0.052,0.05911133269441562
2018-03-28 03:00:00,0.045,0.0443700574798298
2018-03-29 20:00:00,0.042,0.0443700574798298
2018-03-31 12:00:00,0.04,0.028094907547874845
2018-04-02 03:00:00,0.04,0.028094907547874845
2018-04-03 20:00:00,0.042,0.0443700574798298
2018-04-05 12:00:00,0.048,0.0410762906036246
2018-04-07 03:00:00,0.055,0.05911133269441562
2018-04-08 20:00:00,0.062,0.05911133269441562
2018-04-10 12:00:00,0.069,0.06514053264405156
2018-04-12 03:00:00,0.075,0.06514053264405156
2018-04-13 20:00:00,0.08,0.0737272975286278
2018-04-15 12:00:00,0.082,0.0737272975286278
2018-04-17 03:00:00,0.082,0.0737272975286278
2018-04-18 20:00:00,0.075,0.06514053264405156
2018-04-20 12:00:00,0.066,0.05911133269441562
2018-04-22 03:00:00,0.06,0.04655562525610358
2018-04-23 20:00:00,0.053,0.05911133269441562
2018-04-25 12:00:00,0.046,0.0410762906036246
2018-04-27 03:00:00,0.032,0.028094907547874845
2018-04-28 20:00:00,0.016,0.02184782628873932
2018-04-30 12:00:00,0.012,0.01533500539251419
2018-05-02 03:00:00,0.011,0.01533500539251419
2018-05-03 20:00:00,0.01,0.01533500539251419
2018-05-05 12:00:00,0.01,0.01533500539251419
2018-05-07 03:00:00,0.008,0.01533500539251419
2018-05-08 20:00:00,0.005,0.01533500539251419
2018-05-10 12:00:00,0.002,0.01533500539251419
2018-05-12 03:00:00,0.001,0.01533500539251419
2018-05-13 20:00:00,-0.004,-0.00601464712723937
2018-05-15 12:00:00,-0.005,-0.011758344689047188
2018-05-17 03:00:00,0.0,0.0072102421857362774
2018-05-18 20:00:00,0.007,0.01533500539251419
2018-05-20 12:00:00,0.016,0.02184782628873932
2018-05-22 03:00:00,0.025,0.028094907547874845
2018-05-23 20:00:00,0.032,0.028094907547874845
2018-05-25 12:00:00,0.038,0.028094907547874845
2018-05-27 03:00:00,0.042,0.0443700574798298
2018-05-28 20:00:00,0.046,0.0410762906036246
2018-05-30 12:00:00,0.051,0.0410762906036246
2018-06-01 03:00:00,0.055,0.05911133269441562
2018-06-02 20:00:00,0.058,0.04985093487104232
2018-06-04 12:00:00,0.058,0.04985093487104232
2018-06-06 03:00:00,0.058,0.04985093487104232
2018-06-07 20:00:00,0.056,0.05911133269441562
2018-06-09 12:00:00,0.052,0.05911133269441562
2018-06-11 03:00:00,0.046,0.0410762906036246
2018-06-12 20:00:00,0.039,0.028094907547874845
2018-06-14 12:00:00,0.031,0.028094907547874845
2018-06-16 03:00:00,0.021,0.028094907547874845
2018-06-17 20:00:00,0.015,0.02184782628873932
2018-06-19 12:00:00,0.009,0.01533500539251419
2018-06-21 03:00:00,0.005,0.01533500539251419
2018-06-22 20:00:00,0.002,0.01533500539251419
2018-06-24 12:00:00,-0.001,0.01533500539251419
2018-06-26 03:00:00,-0.002,-0.00601464712723937
2018-06-27 20:00:00,-0.001,0.0072102421857362774
2018-06-29 12:00:00,0.001,0.0072102421857362774
2018-07-01 03:00:00,0.005,0.01533500539251419
2018-07-02 20:00:00,0.009,0.01533500539251419
2018-07-04 12:00:00,0.014,0.02184782628873932
2018-07-06 03:00:00,0.019,0.02184782628873932
2018-07-07 20:00:00,0.024,0.028094907547874845
2018-07-09 12:00:00,0.029,0.028094907547874845
2018-07-11 03:00:00,0.034,0.028094907547874845
2018-07-12 20:00:00,0.039,0.0410762906036246
2018-07-14 12:00:00,0.044,0.0443700574798298
2018-07-16 03:00:00,0.049,0.0410762906036246
2018-07-17 20:00:00,0.053,0.05911133269441562
2018-07-19 12:00:00,0.057,0.04985093487104232
2018-07-21 03:00:00,0.061,0.06514053264405156
2018-07-22 20:00:00,0.067,0.06514053264405156
2018-07-24 12:00:00,0.072,0.06514053264405156
2018-07-26 03:00:00,0.078,0.0737272975286278
2018-07-27 20:00:00,0.085,0.0737272975286278
2018-07-29 12:00:00,0.093,0.08375636255237025
2018-07-31 03:00:00,0.102,0.09311339814472737
2018-08-01 20:00:00,0.111,0.10236150111611776
2018-08-03 12:00:00,0.121,0.10236150111611776
2018-08-05 03:00:00,0.132,0.1484028017183307
2018-08-06 20:00:00,0.142,0.1484028017183307
2018-08-08 12:00:00,0.15,0.1484028017183307
2018-08-10 03:00:00,0.16,0.15728415338697724
2018-08-11 20:00:00,0.17,0.1792459799009022
2018-08-13 12:00:00,0.178,0.18862959930093998
2018-08-15 03:00:00,0.185,0.1627456156942585
2018-08-16 20:00:00,0.19,0.1627456156942585
2018-08-18 12:00:00,0.192,0.19765658742
2018-08-20 03:00:00,0.193,0.1627456156942585
2018-08-21 20:00:00,0.192,0.1627456156942585
2018-08-23 12:00:00,0.188,0.1627456156942585
2018-08-25 03:00:00,0.182,0.1627456156942585
2018-08-26 20:00:00,0.175,0.1484028017183307
2018-08-28 12:00:00,0.167,0.1627456156942585
2018-08-30 03:00:00,0.157,0.15728415338697724
2018-08-31 20:00:00,0.148,0.15728415338697724
2018-09-02 12:00:00,0.138,0.1301273177246501
2018-09-04 03:00:00,0.128,0.12344417847649033
2018-09-05 20:00:00,0.119,0.10236150111611776
2018-09-07 12:00:00,0.11,0.10236150111611776
2018-09-09 03:00:00,0.102,0.09311339814472737
2018-09-10 20:00:00,0.092,0.08375636255237025
2018-09-12 12:00:00,0.083,0.0737272975286278
2018-09-14 03:00:00,0.074,0.06514053264405156
2018-09-15 20:00:00,0.068,0.06514053264405156
2018-09-17 12:00:00,0.073,0.06514053264405156
2018-09-19 03:00:00,0.073,0.06514053264405156
2018-09-20 20:00:00,0.077,0.0737272975286278
2018-09-22 12:00:00,0.081,0.0737272975286278
2018-09-24 03:00:00,0.086,0.0737272975286278
2018-09-25 20:00:00,0.089,0.08375636255237025
2018-09-27 12:00:00,0.1,0.09311339814472737
2018-09-29 03:00:00,0.102,0.09311339814472737
2018-09-30 20:00:00,0.102,0.09311339814472737
2018-10-02 12:00:00,0.1,0.09311339814472737
2018-10-04 03:00:00,0.096,0.08375636255237025
2018-10-05 20:00:00,0.09,0.08375636255237025
2018-10-07 12:00:00,0.096,0.11062075354751984
2018-10-09 03:00:00,0.083,0.0737272975286278
2018-10-10 20:00:00,0.07,0.06514053264405156
2018-10-12 12:00:00,0.055,0.05911133269441562
2018-10-14 03:00:00,0.041,0.028094907547874845
2018-10-15 20:00:00,0.032,0.028094907547874845
2018-10-17 12:00:00,0.016,0.02184782628873932
2018-10-19 03:00:00,0.0,0.0072102421857362774
2018-10-20 20:00:00,-0.014,-0.00601464712723937
2018-10-22 12:00:00,-0.028,-0.01855028035467638
2018-10-24 03:00:00,-0.04,-0.01855028035467638
2018-10-25 20:00:00,-0.042,-0.03897957545548617
2018-10-27 12:00:00,-0.049,-0.03663056010151789
2018-10-29 03:00:00,-0.054,-0.03663056010151789
2018-10-30 20:00:00,-0.059,-0.03663056010151789
2018-11-01 12:00:00,-0.062,-0.0677557358376045
2018-11-03 03:00:00,-0.065,-0.07035731777230814
2018-11-04 20:00:00,-0.058,-0.03663056010151789
2018-11-06 12:00:00,-0.06,-0.03663056010151789
2018-11-08 03:00:00,-0.063,-0.0677557358376045
2018-11-09 20:00:00,-0.065,-0.07035731777230814
2018-11-11 12:00:00,-0.068,-0.05234003304206569
2018-11-13 03:00:00,-0.071,-0.07327409748735944
2018-11-14 20:00:00,-0.07,-0.05234003304206569
2018-11-16 12:00:00,-0.079,-0.07327409748735944
2018-11-18 03:00:00,-0.087,-0.07924451344396027
2018-11-19 20:00:00,-0.097,-0.10374928836449546
2018-11-21 12:00:00,-0.107,-0.10159243695275788
2018-11-23 03:00:00,-0.117,-0.11946671697059558
2018-11-24 20:00:00,-0.105,-0.10159243695275788
2018-11-26 12:00:00,-0.11,-0.10159243695275788
2018-11-28 03:00:00,-0.115,-0.11946671697059558
2018-11-29 20:00:00,-0.119,-0.11946671697059558
2018-12-01 12:00:00,-0.121,-0.11946671697059558
2018-12-03 03:00:00,-0.124,-0.11645558023473893
2018-12-04 20:00:00,-0.101,-0.10159243695275788
2018-12-06 12:00:00,-0.102,-0.10374928836449546
2018-12-08 03:00:00,-0.103,-0.10374928836449546
2018-12-09 20:00:00,-0.101,-0.10159243695275788
2018-12-11 12:00:00,-0.1,-0.10159243695275788
2018-12-13 03:00:00,-0.098,-0.10159243695275788
2018-12-14 20:00:00,-0.095,-0.10374928836449546
2018-12-16 12:00:00,-0.092,-0.09796344466876583
2018-12-18 03:00:00,-0.089,-0.07924451344396027
2018-12-19 20:00:00,-0.085,-0.07924451344396027
2018-12-21 12:00:00,-0.083,-0.07924451344396027
2018-12-23 03:00:00,-0.08,-0.0677557358376045
2018-12-24 20:00:00,-0.079,-0.07327409748735944
2018-12-26 12:00:00,-0.079,-0.08242315150349888
2018-12-28 03:00:00,-0.079,-0.08242315150349888
2018-12-29 20:00:00,-0.08,-0.0677557358376045
2018-12-31 12:00:00,-0.081,-0.0677557358376045
2019-01-02 03:00:00,-0.083,-0.07924451344396027
2019-01-03 20:00:00,-0.085,-0.07924451344396027
2019-01-05 12:00:00,-0.085,-0.07924451344396027
2019-01-07 03:00:00,-0.085,-0.07924451344396027
2019-01-08 20:00:00,-0.084,-0.07924451344396027
2019-01-10 12:00:00,-0.081,-0.0677557358376045
2019-01-12 03:00:00,-0.078,-0.07327409748735944
2019-01-13 20:00:00,-0.073,-0.07035731777230814
2019-01-15 12:00:00,-0.068,-0.05234003304206569
2019-01-17 03:00:00,-0.061,-0.0677557358376045
2019-01-18 20:00:00,-0.053,-0.03663056010151789
2019-01-20 12:00:00,-0.045,-0.01855028035467638
2019-01-22 03:00:00,-0.036,-0.03897957545548617
2019-01-23 20:00:00,-0.027,-0.01855028035467638
2019-01-25 12:00:00,-0.019,-0.00601464712723937
2019-01-27 03:00:00,-0.012,-0.01527687053749905
2019-01-28 20:00:00,-0.008,-0.01527687053749905
2019-01-30 12:00:00,-0.004,0.0007249464094225626
2019-02-01 03:00:00,-0.002,0.0007249464094225626
2019-02-02 20:00:00,-0.002,0.0007249464094225626
2019-02-04 12:00:00,-0.004,0.0007249464094225626
2019-02-06 03:00:00,-0.007,0.0007249464094225626
2019-02-07 20:00:00,-0.012,-0.01527687053749905
2019-02-09 12:00:00,-0.019,-0.020321882643758074
2019-02-11 03:00:00,-0.027,-0.01855028035467638
2019-02-12 20:00:00,-0.036,-0.01855028035467638
2019-02-14 12:00:00,-0.045,-0.03897957545548617
2019-02-16 03:00:00,-0.054,-0.03663056010151789
2019-02-17 20:00:00,-0.062,-0.07327409748735944
2019-02-19 12:00:00,-0.069,-0.07327409748735944
2019-02-21 03:00:00,-0.074,-0.07327409748735944
2019-02-22 20:00:00,-0.078,-0.07924451344396027
2019-02-24 12:00:00,-0.079,-0.08242315150349888
2019-02-26 03:00:00,-0.078,-0.08242315150349888
2019-02-27 20:00:00,-0.075,-0.07327409748735944
2019-03-01 12:00:00,-0.069,-0.07035731777230814
2019-03-03 03:00:00,-0.06,-0.03663056010151789
2019-03-04 20:00:00,-0.05,-0.03663056010151789
2019-03-06 12:00:00,-0.039,-0.01855028035467638
2019-03-08 03:00:00,-0.027,-0.01855028035467638
2019-03-09 20:00:00,-0.014,-0.00601464712723937
2019-03-11 12:00:00,-0.002,0.0072102421857362774
2019-03-13 03:00:00,0.009,0.01533500539251419
2019-03-14 20:00:00,0.018,0.02184782628873932
2019-03-16 12:00:00,0.027,0.028094907547874845
2019-03-18 03:00:00,0.033,0.028094907547874845
2019-03-19 20:00:00,0.038,0.028094907547874845
2019-03-21 12:00:00,0.041,0.0410762906036246
2019-03-23 03:00:00,0.042,0.0443700574798298
2019-03-24 20:00:00,0.041,0.028094907547874845
2019-03-26 12:00:00,0.038,0.028094907547874845
2019-03-28 03:00:00,0.034,0.028094907547874845
2019-03-29 20:00:00,0.028,0.028094907547874845
2019-03-31 12:00:00,0.021,0.028094907547874845
2019-04-02 03:00:00,0.014,0.02184782628873932
2019-04-03 20:00:00,0.008,0.01533500539251419
2019-04-05 12:00:00,0.001,0.01533500539251419
2019-04-07 03:00:00,-0.004,-0.00601464712723937
2019-04-08 20:00:00,-0.008,-0.01527687053749905
2019-04-10 12:00:00,-0.011,-0.01527687053749905
2019-04-12 03:00:00,-0.012,-0.01527687053749905
2019-04-13 20:00:00,-0.012,-0.01527687053749905
2019-04-15 12:00:00,-0.011,-0.01527687053749905
2019-04-17 03:00:00,-0.01,0.0007249464094225626
2019-04-18 20:00:00,-0.008,0.0007249464094225626
2019-04-20 12:00:00,-0.005,0.0007249464094225626
2019-04-22 03:00:00,-0.002,0.0007249464094225626
2019-04-23 20:00:00,0.002,0.01533500539251419
2019-04-25 12:00:00,0.005,0.01533500539251419
2019-04-27 03:00:00,0.008,0.01533500539251419
2019-04-28 20:00:00,0.01,0.01533500539251419
2019-04-30 12:00:00,0.011,0.01533500539251419
2019-05-02 03:00:00,0.012,0.01533500539251419
2019-05-03 20:00:00,0.012,0.01533500539251419
2019-05-05 12:00:00,0.012,0.01533500539251419
2019-05-07 03:00:00,0.012,0.01533500539251419
2019-05-08 20:00:00,0.011,0.01533500539251419
2019-05-10 12:00:00,0.01,0.01533500539251419
2019-05-12 03:00:00,0.01,0.01533500539251419
2019-05-13 20:00:00,0.01,0.01533500539251419
2019-05-15 12:00:00,0.01,0.01533500539251419
2019-05-17 03:00:00,0.011,0.01533500539251419
2019-05-18 20:00:00,0.015,0.02184782628873932
2019-05-20 12:00:00,0.019,0.02184782628873932
2019-05-22 03:00:00,0.025,0.028094907547874845
2019-05-23 20:00:00,0.031,0.028094907547874845
2019-05-25 12:00:00,0.039,0.028094907547874845
2019-05-27 03:00:00,0.047,0.0443700574798298
2019-05-28 20:00:00,0.056,0.05911133269441562
2019-05-30 12:00:00,0.065,0.06514053264405156
2019-06-01 03:00:00,0.073,0.06514053264405156
2019-06-02 20:00:00,0.081,0.0737272975286278
2019-06-04 12:00:00,0.088,0.0737272975286278
2019-06-06 03:00:00,0.093,0.08375636255237025
2019-06-07 20:00:00,0.098,0.09311339814472737
2019-06-09 12:00:00,0.101,0.09311339814472737
2019-06-11 03:00:00,0.103,0.09311339814472737
2019-06-12 20:00:00,0.104,0.09311339814472737
2019-06-14 12:00:00,0.105,0.09311339814472737
2019-06-16 03:00:00,0.104,0.09311339814472737
2019-06-17 20:00:00,0.103,0.09311339814472737
2019-06-19 12:00:00,0.102,0.09311339814472737
2019-06-21 03:00:00,0.101,0.09311339814472737
2019-06-22 20:00:00,0.101,0.09311339814472737
2019-06-24 12:00:00,0.101,0.09311339814472737
2019-06-26 03:00:00,0.102,0.09311339814472737
2019-06-27 20:00:00,0.104,0.09311339814472737
2019-06-29 12:00:00,0.107,0.09311339814472737
2019-07-01 03:00:00,0.112,0.10236150111611776
2019-07-02 20:00:00,0.118,0.10236150111611776
2019-07-04 12:00:00,0.124,0.10236150111611776
2019-07-06 03:00:00,0.138,0.1301273177246501
2019-07-07 20:00:00,0.144,0.1484028017183307
2019-07-09 12:00:00,0.149,0.1484028017183307
2019-07-11 03:00:00,0.154,0.15728415338697724
2019-07-12 20:00:00,0.158,0.151051799073784
2019-07-14 12:00:00,0.16,0.15728415338697724
2019-07-16 03:00:00,0.173,0.1484028017183307
2019-07-17 20:00:00,0.172,0.1484028017183307
2019-07-19 12:00:00,0.168,0.1627456156942585
2019-07-21 03:00:00,0.163,0.15728415338697724
2019-07-22 20:00:00,0.155,0.15728415338697724
2019-07-24 12:00:00,0.145,0.151051799073784
2019-07-26 03:00:00,0.152,0.13863543423778066
2019-07-27 20:00:00,0.137,0.1301273177246501
2019-07-29 12:00:00,0.122,0.11324446808002775
2019-07-31 03:00:00,0.105,0.09311339814472737
2019-08-01 20:00:00,0.089,0.08375636255237025
2019-08-03 12:00:00,0.075,0.06514053264405156
2019-08-05 03:00:00,0.069,0.06514053264405156
2019-08-06 20:00:00,0.058,0.05911133269441562
2019-08-08 12:00:00,0.05,0.0443700574798298
2019-08-10 03:00:00,0.045,0.0410762906036246
2019-08-11 20:00:00,0.043,0.0410762906036246
2019-08-13 12:00:00,0.044,0.0343531671492063
2019-08-15 03:00:00,0.056,0.05911133269441562
2019-08-16 20:00:00,0.062,0.05911133269441562
2019-08-18 12:00:00,0.071,0.06514053264405156
2019-08-20 03:00:00,0.083,0.0737272975286278
2019-08-21 20:00:00,0.097,0.11062075354751984
2019-08-23 12:00:00,0.112,0.10236150111611776
2019-08-25 03:00:00,0.136,0.1301273177246501
2019-08-26 20:00:00,0.151,0.151051799073784
2019-08-28 12:00:00,0.167,0.1792459799009022
2019-08-30 03:00:00,0.182,0.18862959930093998
2019-08-31 20:00:00,0.196,0.20592693134356124
2019-09-02 12:00:00,0.209,0.21547507416827041
2019-09-04 03:00:00,0.243,0.21547507416827041
2019-09-05 20:00:00,0.253,0.2339531696138462
2019-09-07 12:00:00,0.26,0.23634496161699997
2019-09-09 03:00:00,0.266,0.23634496161699997
2019-09-10 20:00:00,0.27,0.2339531696138462
2019-09-12 12:00:00,0.273,0.23039721968727458
2019-09-14 03:00:00,0.299,0.2339531696138462
2019-09-15 20:00:00,0.3,0.2339531696138462
2019-09-17 12:00:00,0.302,0.2339531696138462
2019-09-19 03:00:00,0.303,0.1627456156942585
2019-09-20 20:00:00,0.305,0.2339531696138462
2019-09-22 12:00:00,0.307,0.1627456156942585
2019-09-24 03:00:00,0.308,0.2339531696138462
2019-09-25 20:00:00,0.31,0.1627456156942585
2019-09-27 12:00:00,0.313,0.3318338354044665
2019-09-29 03:00:00,0.316,0.3318338354044665
2019-09-30 20:00:00,0.32,0.3318338354044665
2019-10-02 12:00:00,0.323,0.3318338354044665
2019-10-04 03:00:00,0.327,0.3318338354044665
2019-10-05 20:00:00,0.33,0.3318338354044665
2019-10-07 12:00:00,0.333,0.3318338354044665
2019-10-09 03:00:00,0.334,0.3318338354044665
2019-10-10 20:00:00,0.333,0.3318338354044665
2019-10-12 12:00:00,0.331,0.3318338354044665
2019-10-14 03:00:00,0.326,0.3318338354044665
2019-10-15 20:00:00,0.321,0.3318338354044665
2019-10-17 12:00:00,0.313,0.3318338354044665
2019-10-19 03:00:00,0.305,0.2339531696138462
2019-10-20 20:00:00,0.297,0.2339531696138462
2019-10-22 12:00:00,0.289,0.22208782999999999
2019-10-24 03:00:00,0.28,0.2339531696138462
2019-10-25 20:00:00,0.271,0.23039721968727458
2019-10-27 12:00:00,0.261,0.2339531696138462
2019-10-29 03:00:00,0.252,0.2339531696138462
2019-10-30 20:00:00,0.245,0.2339531696138462
2019-11-01 12:00:00,0.241,0.23634496161699997
2019-11-03 03:00:00,0.237,0.2339531696138462
2019-11-04 20:00:00,0.234,0.23634496161699997
2019-11-06 12:00:00,0.231,0.2339531696138462
2019-11-08 03:00:00,0.227,0.2339531696138462
2019-11-09 20:00:00,0.225,0.20592693134356124
2019-11-11 12:00:00,0.223,0.22208782999999999
2019-11-13 03:00:00,0.219,0.21547507416827041
2019-11-14 20:00:00,0.217,0.21547507416827041
2019-11-16 12:00:00,0.214,0.20592693134356124
2019-11-18 03:00:00,0.211,0.22208782999999999
2019-11-19 20:00:00,0.207,0.22208782999999999
2019-11-21 12:00:00,0.203,0.19151578160891247
2019-11-23 03:00:00,0.197,0.1792459799009022
2019-11-24 20:00:00,0.19,0.1627456156942585
2019-11-26 12:00:00,0.181,0.18862959930093998
2019-11-28 03:00:00,0.171,0.1484028017183307
2019-11-29 20:00:00,0.162,0.15728415338697724
2019-12-01 12:00:00,0.152,0.151051799073784
2019-12-03 03:00:00,0.143,0.1484028017183307
2019-12-04 20:00:00,0.134,0.12344417847649033
2019-12-06 12:00:00,0.124,0.11324446808002775
2019-12-08 03:00:00,0.117,0.10236150111611776
2019-12-09 20:00:00,0.112,0.10236150111611776
2019-12-11 12:00:00,0.106,0.09311339814472737
2019-12-13 03:00:00,0.104,0.09311339814472737
2019-12-14 20:00:00,0.103,0.09311339814472737
2019-12-16 12:00:00,0.105,0.09311339814472737
2019-12-18 03:00:00,0.107,0.09311339814472737
2019-12-19 20:00:00,0.109,0.10236150111611776
2019-12-21 12:00:00,0.113,0.10236150111611776
2019-12-23 03:00:00,0.117,0.11324446808002775
2019-12-24 20:00:00,0.122,0.10236150111611776
2019-12-26 12:00:00,0.126,0.12344417847649033
2019-12-28 03:00:00,0.129,0.12344417847649033
2019-12-29 20:00:00,0.13,0.12344417847649033
2019-12-31 12:00:00,0.128,0.12344417847649033
2020-01-02 03:00:00,0.125,0.10236150111611776
2020-01-03 20:00:00,0.119,0.10236150111611776
2020-01-05 12:00:00,0.11,0.10236150111611776
2020-01-07 03:00:00,0.098,0.09311339814472737
2020-01-08 20:00:00,0.084,0.0737272975286278
2020-01-10 12:00:00,0.068,0.06514053264405156
2020-01-12 03:00:00,0.051,0.0443700574798298
2020-01-13 20:00:00,0.033,0.028094907547874845
2020-01-15 12:00:00,0.013,0.01533500539251419
2020-01-17 03:00:00,-0.008,-0.00601464712723937
2020-01-18 20:00:00,-0.028,-0.01855028035467638
2020-01-20 12:00:00,-0.046,-0.01855028035467638
2020-01-22 03:00:00,-0.063,-0.07327409748735944
2020-01-23 20:00:00,-0.076,-0.07327409748735944
2020-01-25 12:00:00,-0.088,-0.07924451344396027
2020-01-27 03:00:00,-0.097,-0.10374928836449546
2020-01-28 20:00:00,-0.104,-0.10374928836449546
2020-01-30 12:00:00,-0.108,-0.10159243695275788
2020-02-01 03:00:00,-0.111,-0.10159243695275788
2020-02-02 20:00:00,-0.113,-0.10159243695275788
2020-02-04 12:00:00,-0.113,-0.10159243695275788
2020-02-06 03:00:00,-0.111,-0.10159243695275788
2020-02-07 20:00:00,-0.11,-0.10159243695275788
2020-02-09 12:00:00,-0.108,-0.10159243695275788
2020-02-11 03:00:00,-0.106,-0.10159243695275788
2020-02-12 20:00:00,-0.106,-0.10159243695275788
2020-02-14 12:00:00,-0.109,-0.10159243695275788
2020-02-16 03:00:00,-0.113,-0.10159243695275788
2020-02-17 20:00:00,-0.125,-0.11645558023473893
2020-02-19 12:00:00,-0.129,-0.13505822580082616
2020-02-21 03:00:00,-0.136,-0.13075309156757836
2020-02-22 20:00:00,-0.139,-0.1439189848452646
2020-02-24 12:00:00,-0.141,-0.1439189848452646
2020-02-26 03:00:00,-0.144,-0.1439189848452646
2020-02-27 20:00:00,-0.147,-0.1439189848452646
2020-02-29 12:00:00,-0.152,-0.1439189848452646
2020-03-02 03:00:00,-0.154,-0.1439189848452646
2020-03-03 20:00:00,-0.157,-0.1439189848452646
2020-03-05 12:00:00,-0.158,-0.1439189848452646
2020-03-07 03:00:00,-0.16,-0.1439189848452646
2020-03-08 20:00:00,-0.162,-0.17421750990699997
2020-03-10 12:00:00,-0.162,-0.17421750990699997
2020-03-12 03:00:00,-0.161,-0.17421750990699997
2020-03-13 20:00:00,-0.166,-0.18078440550789993
2020-03-15 12:00:00,-0.167,-0.18078440550789993
2020-03-17 03:00:00,-0.167,-0.18078440550789993
2020-03-18 20:00:00,-0.165,-0.18078440550789993
2020-03-20 12:00:00,-0.163,-0.17421750990699997
2020-03-22 03:00:00,-0.163,-0.17421750990699997
2020-03-23 20:00:00,-0.166,-0.18078440550789993
2020-03-25 12:00:00,-0.169,-0.18078440550789993
2020-03-27 03:00:00,-0.173,-0.18078440550789993
2020-03-28 20:00:00,-0.177,-0.18078440550789993
2020-03-30 12:00:00,-0.182,-0.18078440550789993
2020-04-01 03:00:00,-0.189,-0.17421750990699997
2020-04-02 20:00:00,-0.197,-0.17421750990699997
2020-04-04 12:00:00,-0.204,-0.17421750990699997
2020-04-06 03:00:00,-0.208,-0.17421750990699997
2020-04-07 20:00:00,-0.209,-0.18078440550789993
2020-04-09 12:00:00,-0.214,-0.17421750990699997
2020-04-11 03:00:00,-0.216,-0.17421750990699997
2020-04-12 20:00:00,-0.22,-0.18078440550789993
2020-04-14 12:00:00,-0.222,-0.18078440550789993
2020-04-16 03:00:00,-0.223,-0.18078440550789993
2020-04-17 20:00:00,-0.214,-0.17421750990699997
2020-04-19 12:00:00,-0.212,-0.17421750990699997
2020-04-21 03:00:00,-0.208,-0.18078440550789993
2020-04-22 20:00:00,-0.203,-0.17421750990699997
2020-04-24 12:00:00,-0.199,-0.17421750990699997
2020-04-26 03:00:00,-0.195,-0.18078440550789993
2020-04-27 20:00:00,-0.183,-0.17421750990699997
2020-04-29 12:00:00,-0.179,-0.18078440550789993
2020-05-01 03:00:00,-0.175,-0.18078440550789993
2020-05-02 20:00:00,-0.173,-0.18078440550789993
2020-05-04 12:00:00,-0.171,-0.18078440550789993
2020-05-06 03:00:00,-0.17,-0.18078440550789993
2020-05-07 20:00:00,-0.152,-0.1439189848452646
2020-05-09 12:00:00,-0.155,-0.1439189848452646
2020-05-11 03:00:00,-0.158,-0.1439189848452646
2020-05-12 20:00:00,-0.16,-0.1439189848452646
2020-05-14 12:00:00,-0.164,-0.18078440550789993
2020-05-16 03:00:00,-0.167,-0.18078440550789993
2020-05-17 20:00:00,-0.147,-0.1439189848452646
2020-05-19 12:00:00,-0.149,-0.1439189848452646
2020-05-21 03:00:00,-0.152,-0.1439189848452646
2020-05-22 20:00:00,-0.152,-0.1439189848452646
2020-05-24 12:00:00,-0.152,-0.1439189848452646
2020-05-26 03:00:00,-0.149,-0.1439189848452646
2020-05-27 20:00:00,-0.135,-0.13505822580082616
2020-05-29 12:00:00,-0.127,-0.13505822580082616
2020-05-31 03:00:00,-0.116,-0.11946671697059558
2020-06-01 20:00:00,-0.104,-0.10374928836449546
2020-06-03 12:00:00,-0.092,-0.09796344466876583
2020-06-05 03:00:00,-0.077,-0.07327409748735944
2020-06-06 20:00:00,-0.028,-0.01855028035467638
2020-06-08 12:00:00,-0.012,-0.00601464712723937
2020-06-10 03:00:00,0.003,0.01533500539251419
2020-06-11 20:00:00,0.018,0.02184782628873932
2020-06-13 12:00:00,0.032,0.028094907547874845
2020-06-15 03:00:00,0.044,0.0443700574798298
2020-06-16 20:00:00,0.063,0.05911133269441562
2020-06-18 12:00:00,0.071,0.06514053264405156
2020-06-20 03:00:00,0.078,0.0737272975286278
2020-06-21 20:00:00,0.081,0.0737272975286278
2020-06-23 12:00:00,0.083,0.0737272975286278
2020-06-25 03:00:00,0.081,0.0737272975286278
2020-06-26 20:00:00,0.077,0.06514053264405156
2020-06-28 12:00:00,0.072,0.06514053264405156
2020-06-30 03:00:00,0.064,0.062238691097487905
2020-07-01 20:00:00,0.055,0.04655562525610358
2020-07-03 12:00:00,0.048,0.0443700574798298
2020-07-05 03:00:00,0.04,0.028094907547874845
2020-07-06 20:00:00,0.035,0.028094907547874845
2020-07-08 12:00:00,0.027,0.028094907547874845
2020-07-10 03:00:00,0.021,0.028094907547874845
2020-07-11 20:00:00,0.016,0.02184782628873932
2020-07-13 12:00:00,0.017,0.02184782628873932
2020-07-15 03:00:00,0.02,0.02184782628873932
2020-07-16 20:00:00,0.025,0.028094907547874845
2020-07-18 12:00:00,0.032,0.028094907547874845
2020-07-20 03:00:00,0.037,0.028094907547874845
2020-07-21 20:00:00,0.043,0.0443700574798298
2020-07-23 12:00:00,0.05,0.0410762906036246
2020-07-25 03:00:00,0.058,0.05911133269441562
2020-07-26 20:00:00,0.066,0.06514053264405156
2020-07-28 12:00:00,0.073,0.06514053264405156
2020-07-30 03:00:00,0.076,0.06514053264405156
2020-07-31 20:00:00,0.079,0.0737272975286278
2020-08-02 12:00:00,0.081,0.0737272975286278
2020-08-04 03:00:00,0.082,0.0737272975286278
2020-08-05 20:00:00,0.082,0.0737272975286278
2020-08-07 12:00:00,0.08,0.0737272975286278
2020-08-09 03:00:00,0.076,0.06514053264405156
2020-08-10 20:00:00,0.071,0.06514053264405156
2020-08-12 12:00:00,0.065,0.062238691097487905
2020-08-14 03:00:00,0.059,0.04655562525610358
2020-08-15 20:00:00,0.052,0.05911133269441562
2020-08-17 12:00:00,0.046,0.0410762906036246
2020-08-19 03:00:00,0.04,0.028094907547874845
2020-08-20 20:00:00,0.034,0.028094907547874845
2020-08-22 12:00:00,0.028,0.028094907547874845
2020-08-24 03:00:00,0.023,0.028094907547874845
2020-08-25 20:00:00,0.019,0.02184782628873932
2020-08-27 12:00:00,0.017,0.02184782628873932
2020-08-29 03:00:00,0.014,0.02184782628873932
2020-08-30 20:00:00,0.011,0.01533500539251419
2020-09-01 12:00:00,0.01,0.01533500539251419
2020-09-03 03:00:00,0.007,0.01533500539251419
2020-09-04 20:00:00,0.005,0.01533500539251419
2020-09-06 12:00:00,0.002,0.01533500539251419
2020-09-08 03:00:00,-0.001,0.0072102421857362774
2020-09-09 20:00:00,-0.004,-0.00601464712723937
2020-09-11 12:00:00,-0.008,-0.01527687053749905
2020-09-13 03:00:00,-0.012,-0.01527687053749905
2020-09-14 20:00:00,-0.016,-0.01855028035467638
2020-09-16 12:00:00,-0.022,-0.00601464712723937
2020-09-18 03:00:00,-0.028,-0.01855028035467638
2020-09-19 20:00:00,-0.032,-0.01855028035467638
2020-09-21 12:00:00,-0.035,-0.01855028035467638
2020-09-23 03:00:00,-0.037,-0.03897957545548617
2020-09-24 20:00:00,-0.038,-0.03897957545548617
2020-09-26 12:00:00,-0.037,-0.03897957545548617
2020-09-28 03:00:00,-0.034,-0.03897957545548617
2020-09-29 20:00:00,-0.029,-0.01855028035467638
2020-10-01 12:00:00,-0.021,-0.00601464712723937
2020-10-03 03:00:00,-0.012,0.0007249464094225626
2020-10-04 20:00:00,-0.002,0.0072102421857362774
2020-10-06 12:00:00,0.01,0.01533500539251419
2020-10-08 03:00:00,0.021,0.028094907547874845
2020-10-09 20:00:00,0.033,0.028094907547874845
2020-10-11 12:00:00,0.044,0.0410762906036246
2020-10-13 03:00:00,0.055,0.05911133269441562
2020-10-14 20:00:00,0.065,0.06514053264405156
2020-10-16 12:00:00,0.074,0.06514053264405156
2020-10-18 03:00:00,0.082,0.0737272975286278
2020-10-19 20:00:00,0.087,0.0737272975286278
2020-10-21 12:00:00,0.092,0.08375636255237025
2020-10-23 03:00:00,0.095,0.11062075354751984
2020-10-24 20:00:00,0.097,0.11062075354751984
2020-10-26 12:00:00,0.096,0.11062075354751984
2020-10-28 03:00:00,0.093,0.08375636255237025
2020-10-29 20:00:00,0.09,0.08375636255237025
2020-10-31 12:00:00,0.087,0.0737272975286278
2020-11-02 03:00:00,0.082,0.0737272975286278
2020-11-03 20:00:00,0.078,0.0737272975286278
2020-11-05 12:00:00,0.075,0.06514053264405156
2020-11-07 03:00:00,0.072,0.06514053264405156
2020-11-08 20:00:00,0.072,0.06514053264405156
2020-11-10 12:00:00,0.073,0.06514053264405156
2020-11-12 03:00:00,0.076,0.06514053264405156
2020-11-13 20:00:00,0.081,0.0737272975286278
2020-11-15 12:00:00,0.088,0.0737272975286278
2020-11-17 03:00:00,0.094,0.08375636255237025
2020-11-18 20:00:00,0.102,0.09311339814472737
2020-11-20 12:00:00,0.11,0.10236150111611776
2020-11-22 03:00:00,0.119,0.10236150111611776
2020-11-23 20:00:00,0.128,0.12344417847649033
2020-11-25 12:00:00,0.136,0.1301273177246501
2020-11-27 03:00:00,0.142,0.1484028017183307
2020-11-28 20:00:00,0.147,0.1484028017183307
2020-11-30 12:00:00,0.149,0.15728415338697724
2020-12-02 03:00:00,0.15,0.15728415338697724
2020-12-03 20:00:00,0.15,0.15728415338697724
2020-12-05 12:00:00,0.147,0.15728415338697724
2020-12-07 03:00:00,0.141,0.1301273177246501
2020-12-08 20:00:00,0.134,0.12048974566075185
2020-12-10 12:00:00,0.126,0.11062075354751984
2020-12-12 03:00:00,0.117,0.10236150111611776
2020-12-13 20:00:00,0.107,0.09311339814472737
2020-12-15 12:00:00,0.097,0.08375636255237025
2020-12-17 03:00:00,0.087,0.0737272975286278
2020-12-18 20:00:00,0.079,0.0737272975286278
2020-12-20 12:00:00,0.072,0.06514053264405156
2020-12-22 03:00:00,0.067,0.06514053264405156
2020-12-23 20:00:00,0.064,0.05911133269441562
2020-12-25 12:00:00,0.063,0.062238691097487905
2020-12-27 03:00:00,0.065,0.06514053264405156
2020-12-28 20:00:00,0.068,0.06514053264405156
2020-12-30 12:00:00,0.073,0.06514053264405156
2021-01-01 03:00:00,0.08,0.0737272975286278
2021-01-02 20:00:00,0.088,0.0737272975286278
2021-01-04 12:00:00,0.099,0.09311339814472737
2021-01-06 03:00:00,0.109,0.10236150111611776
2021-01-07 20:00:00,0.121,0.10236150111611776
2021-01-09 12:00:00,0.134,0.1484028017183307
2021-01-11 03:00:00,0.146,0.151051799073784
2021-01-12 20:00:00,0.156,0.15728415338697724
2021-01-14 12:00:00,0.166,0.1484028017183307
2021-01-16 03:00:00,0.175,0.1484028017183307
2021-01-17 20:00:00,0.183,0.1627456156942585
2021-01-19 12:00:00,0.189,0.1627456156942585
2021-01-21 03:00:00,0.202,0.20592693134356124
2021-01-22 20:00:00,0.206,0.21547507416827041
2021-01-24 12:00:00,0.21,0.22208782999999999
2021-01-26 03:00:00,0.213,0.22208782999999999
2021-01-27 20:00:00,0.215,0.22208782999999999
2021-01-29 12:00:00,0.216,0.21547507416827041
2021-01-31 03:00:00,0.225,0.22208782999999999
2021-02-01 20:00:00,0.225,0.20592693134356124
2021-02-03 12:00:00,0.225,0.22208782999999999
2021-02-05 03:00:00,0.223,0.22208782999999999
2021-02-06 20:00:00,0.219,0.21547507416827041
2021-02-08 12:00:00,0.217,0.21547507416827041
2021-02-10 03:00:00,0.223,0.22208782999999999
2021-02-11 20:00:00,0.22,0.21547507416827041
2021-02-13 12:00:00,0.218,0.21547507416827041
2021-02-15 03:00:00,0.216,0.21547507416827041
2021-02-16 20:00:00,0.214,0.20592693134356124
2021-02-18 12:00:00,0.211,0.22208782999999999
2021-02-20 03:00:00,0.214,0.22208782999999999
2021-02-21 20:00:00,0.206,0.19151578160891247
2021-02-23 12:00:00,0.196,0.1792459799009022
2021-02-25 03:00:00,0.184,0.18862959930093998
2021-02-26 20:00:00,0.173,0.1484028017183307
2021-02-28 12:00:00,0.161,0.15728415338697724
2021-03-02 03:00:00,0.185,0.18862959930093998
2021-03-03 20:00:00,0.173,0.1484028017183307
2021-03-05 12:00:00,0.161,0.15728415338697724
2021-03-07 03:00:00,0.15,0.1484028017183307
2021-03-08 20:00:00,0.142,0.1484028017183307
2021-03-10 12:00:00,0.135,0.12344417847649033
2021-03-12 03:00:00,0.154,0.15728415338697724
2021-03-13 20:00:00,0.152,0.15728415338697724
2021-03-15 12:00:00,0.15,0.15728415338697724
2021-03-17 03:00:00,0.151,0.151051799073784
2021-03-18 20:00:00,0.155,0.15728415338697724
2021-03-20 12:00:00,0.16,0.15728415338697724
2021-03-22 03:00:00,0.174,0.1484028017183307
2021-03-23 20:00:00,0.181,0.18862959930093998
2021-03-25 12:00:00,0.189,0.1627456156942585
2021-03-27 03:00:00,0.196,0.20592693134356124
2021-03-28 20:00:00,0.204,0.21547507416827041
2021-03-30 12:00:00,0.211,0.22208782999999999
2021-04-01 03:00:00,0.224,0.21547507416827041
2021-04-02 20:00:00,0.228,0.2339531696138462
2021-04-04 12:00:00,0.23,0.23634496161699997
2021-04-06 03:00:00,0.23,0.23634496161699997
2021-04-07 20:00:00,0.228,0.19151578160891247
2021-04-09 12:00:00,0.225,0.20592693134356124
2021-04-11 03:00:00,0.22,0.21547507416827041
2021-04-12 20:00:00,0.213,0.20592693134356124
2021-04-14 12:00:00,0.204,0.19151578160891247
2021-04-16 03:00:00,0.194,0.1792459799009022
2021-04-17 20:00:00,0.185,0.1627456156942585
2021-04-19 12:00:00,0.174,0.1484028017183307
2021-04-21 03:00:00,0.161,0.15728415338697724
2021-04-22 20:00:00,0.152,0.151051799073784
2021-04-24 12:00:00,0.144,0.1484028017183307
2021-04-26 03:00:00,0.139,0.1301273177246501
2021-04-27 20:00:00,0.134,0.12048974566075185
2021-04-29 12:00:00,0.129,0.12344417847649033
2021-05-01 03:00:00,0.125,0.11324446808002775
2021-05-02 20:00:00,0.121,0.10236150111611776
2021-05-04 12:00:00,0.118,0.10236150111611776
2021-05-06 03:00:00,0.116,0.10236150111611776
2021-05-07 20:00:00,0.116,0.10236150111611776
2021-05-09 12:00:00,0.116,0.10236150111611776
2021-05-11 03:00:00,0.114,0.10236150111611776
2021-05-12 20:00:00,0.111,0.10236150111611776
2021-05-14 12:00:00,0.104,0.09311339814472737
2021-05-16 03:00:00,0.095,0.08375636255237025
2021-05-17 20:00:00,0.084,0.0737272975286278
2021-05-19 12:00:00,0.071,0.06514053264405156
2021-05-21 03:00:00,0.06,0.05911133269441562
2021-05-22 20:00:00,0.046,0.0443700574798298
2021-05-24 12:00:00,0.03,0.028094907547874845
2021-05-26 03:00:00,0.013,0.01533500539251419
2021-05-27 20:00:00,-0.008,-0.00601464712723937
2021-05-29 12:00:00,-0.028,-0.01855028035467638
2021-05-31 03:00:00,-0.049,-0.03663056010151789
2021-06-01 20:00:00,-0.069,-0.07327409748735944
2021-06-03 12:00:00,-0.09,-0.07924451344396027
2021-06-05 03:00:00,-0.109,-0.10159243695275788
2021-06-06 20:00:00,-0.128,-0.13505822580082616
2021-06-08 12:00:00,-0.144,-0.1439189848452646
2021-06-10 03:00:00,-0.159,-0.1439189848452646
2021-06-11 20:00:00,-0.173,-0.18078440550789993
2021-06-13 12:00:00,-0.185,-0.17421750990699997
2021-06-15 03:00:00,-0.196,-0.17421750990699997
2021-06-16 20:00:00,-0.207,-0.17421750990699997
2021-06-18 12:00:00,-0.217,-0.18078440550789993
2021-06-20 03:00:00,-0.227,-0.18078440550789993
2021-06-21 20:00:00,-0.234,-0.18078440550789993
2021-06-23 12:00:00,-0.241,-0.18078440550789993
2021-06-25 03:00:00,-0.249,-0.18078440550789993
2021-06-26 20:00:00,-0.258,-0.18078440550789993
2021-06-28 12:00:00,-0.265,-0.17421750990699997
2021-06-30 03:00:00,-0.264,-0.17421750990699997
2021-07-01 20:00:00,-0.264,-0.18078440550789993
2021-07-03 12:00:00,-0.266,-0.18078440550789993
2021-07-05 03:00:00,-0.263,-0.18078440550789993
2021-07-06 20:00:00,-0.258,-0.18078440550789993
2021-07-08 12:00:00,-0.255,-0.18078440550789993
2021-07-10 03:00:00,-0.25,-0.18078440550789993
2021-07-11 20:00:00,-0.244,-0.18078440550789993
2021-07-13 12:00:00,-0.239,-0.18078440550789993
2021-07-15 03:00:00,-0.233,-0.18078440550789993
2021-07-16 20:00:00,-0.226,-0.18078440550789993
2021-07-18 12:00:00,-0.218,-0.18078440550789993
2021-07-20 03:00:00,-0.21,-0.18078440550789993
2021-07-21 20:00:00,-0.2,-0.17421750990699997
2021-07-23 12:00:00,-0.191,-0.18078440550789993
2021-07-25 03:00:00,-0.182,-0.17421750990699997
2021-07-26 20:00:00,-0.173,-0.18078440550789993
2021-07-28 12:00:00,-0.164,-0.18078440550789993
2021-07-30 03:00:00,-0.156,-0.1439189848452646
2021-07-31 20:00:00,-0.149,-0.1439189848452646
2021-08-02 12:00:00,-0.143,-0.1439189848452646
2021-08-04 03:00:00,-0.138,-0.13075309156757836
2021-08-05 20:00:00,-0.134,-0.13505822580082616
2021-08-07 12:00:00,-0.132,-0.12485683304430106
2021-08-09 03:00:00,-0.132,-0.12485683304430106
2021-08-10 20:00:00,-0.134,-0.13505822580082616
2021-08-12 12:00:00,-0.137,-0.13075309156757836
2021-08-14 03:00:00,-0.142,-0.1439189848452646
2021-08-15 20:00:00,-0.147,-0.1439189848452646
2021-08-17 12:00:00,-0.152,-0.1439189848452646
2021-08-19 03:00:00,-0.157,-0.1439189848452646
2021-08-20 20:00:00,-0.162,-0.17421750990699997
2021-08-22 12:00:00,-0.167,-0.18078440550789993
2021-08-24 03:00:00,-0.17,-0.18078440550789993
2021-08-25 20:00:00,-0.171,-0.18078440550789993
2021-08-27 12:00:00,-0.172,-0.18078440550789993
2021-08-29 03:00:00,-0.171,-0.18078440550789993
2021-08-30 20:00:00,-0.168,-0.18078440550789993
2021-09-01 12:00:00,-0.163,-0.17421750990699997
2021-09-03 03:00:00,-0.158,-0.1439189848452646
2021-09-04 20:00:00,-0.154,-0.1439189848452646
2021-09-06 12:00:00,-0.148,-0.1439189848452646
2021-09-08 03:00:00,-0.139,-0.1439189848452646
2021-09-09 20:00:00,-0.13,-0.12485683304430106
2021-09-11 12:00:00,-0.121,-0.11946671697059558
2021-09-13 03:00:00,-0.114,-0.11946671697059558
2021-09-14 20:00:00,-0.11,-0.10159243695275788
2021-09-16 12:00:00,-0.105,-0.10159243695275788
2021-09-18 03:00:00,-0.103,-0.10374928836449546
2021-09-19 20:00:00,-0.102,-0.10374928836449546
2021-09-21 12:00:00,-0.103,-0.10374928836449546
2021-09-23 03:00:00,-0.106,-0.10159243695275788
2021-09-24 20:00:00,-0.11,-0.10159243695275788
2021-09-26 12:00:00,-0.115,-0.11946671697059558
2021-09-28 03:00:00,-0.123,-0.11645558023473893
2021-09-29 20:00:00,-0.134,-0.13505822580082616
2021-10-01 12:00:00,-0.144,-0.1439189848452646
2021-10-03 03:00:00,-0.152,-0.1439189848452646
2021-10-04 20:00:00,-0.159,-0.1439189848452646
2021-10-06 12:00:00,-0.166,-0.18078440550789993
2021-10-08 03:00:00,-0.171,-0.18078440550789993
2021-10-09 20:00:00,-0.174,-0.18078440550789993
2021-10-11 12:00:00,-0.176,-0.18078440550789993
2021-10-13 03:00:00,-0.176,-0.18078440550789993
2021-10-14 20:00:00,-0.173,-0.18078440550789993
2021-10-16 12:00:00,-0.167,-0.18078440550789993
2021-10-18 03:00:00,-0.16,-0.1439189848452646
2021-10-19 20:00:00,-0.152,-0.1439189848452646
2021-10-21 12:00:00,-0.143,-0.1439189848452646
2021-10-23 03:00:00,-0.133,-0.13505822580082616
2021-10-24 20:00:00,-0.122,-0.11946671697059558
2021-10-26 12:00:00,-0.111,-0.10159243695275788
2021-10-28 03:00:00,-0.102,-0.10374928836449546
2021-10-29 20:00:00,-0.094,-0.09796344466876583
2021-10-31 12:00:00,-0.087,-0.07924451344396027
2021-11-02 03:00:00,-0.081,-0.0677557358376045
2021-11-03 20:00:00,-0.077,-0.07327409748735944
2021-11-05 12:00:00,-0.069,-0.05234003304206569
2021-11-07 03:00:00,-0.069,-0.05234003304206569
2021-11-08 20:00:00,-0.071,-0.07327409748735944
2021-11-10 12:00:00,-0.072,-0.07035731777230814
2021-11-12 03:00:00,-0.074,-0.07327409748735944
2021-11-13 20:00:00,-0.078,-0.08242315150349888
2021-11-15 12:00:00,-0.074,-0.07327409748735944
2021-11-17 03:00:00,-0.077,-0.08242315150349888
2021-11-18 20:00:00,-0.079,-0.08242315150349888
2021-11-20 12:00:00,-0.08,-0.0677557358376045
2021-11-22 03:00:00,-0.08,-0.0677557358376045
2021-11-23 20:00:00,-0.08,-0.0677557358376045
2021-11-25 12:00:00,-0.07,-0.05234003304206569
2021-11-27 03:00:00,-0.067,-0.05234003304206569
2021-11-28 20:00:00,-0.063,-0.0677557358376045
2021-11-30 12:00:00,-0.057,-0.03663056010151789
2021-12-02 03:00:00,-0.052,-0.03663056010151789
2021-12-03 20:00:00,-0.047,-0.01855028035467638
2021-12-05 12:00:00,-0.033,-0.01855028035467638
2021-12-07 03:00:00,-0.028,-0.01855028035467638
2021-12-08 20:00:00,-0.023,-0.00601464712723937
2021-12-10 12:00:00,-0.018,-0.00601464712723937
2021-12-12 03:00:00,-0.014,-0.01527687053749905
2021-12-13 20:00:00,-0.012,-0.00601464712723937
2021-12-15 12:00:00,0.013,0.01533500539251419
2021-12-17 03:00:00,0.013,0.01533500539251419
2021-12-18 20:00:00,0.013,0.01533500539251419
2021-12-20 12:00:00,0.011,0.01533500539251419
2021-12-22 03:00:00,0.01,0.01533500539251419
2021-12-23 20:00:00,0.01,0.01533500539251419
2021-12-25 12:00:00,0.033,0.028094907547874845
2021-12-27 03:00:00,0.033,0.028094907547874845
2021-12-28 20:00:00,0.034,0.028094907547874845
2021-12-30 12:00:00,0.034,0.028094907547874845
2022-01-01 03:00:00,0.035,0.028094907547874845
2022-01-02 20:00:00,0.036,0.028094907547874845
2022-01-04 12:00:00,0.047,0.0443700574798298
2022-01-06 03:00:00,0.049,0.0410762906036246
2022-01-07 20:00:00,0.051,0.0410762906036246
2022-01-09 12:00:00,0.052,0.05911133269441562
2022-01-11 03:00:00,0.053,0.05911133269441562
2022-01-12 20:00:00,0.055,0.055609772351513195
2022-01-14 12:00:00,0.064,0.06514053264405156
2022-01-16 03:00:00,0.064,0.062238691097487905
2022-01-17 20:00:00,0.061,0.05911133269441562
2022-01-19 12:00:00,0.058,0.04985093487104232
2022-01-21 03:00:00,0.053,0.05911133269441562
2022-01-22 20:00:00,0.047,0.0410762906036246
2022-01-24 12:00:00,0.04,0.028094907547874845
2022-01-26 03:00:00,0.032,0.028094907547874845
2022-01-27 20:00:00,0.019,0.02184782628873932
2022-01-29 12:00:00,0.007,0.01533500539251419
2022-01-31 03:00:00,-0.004,-0.00601464712723937
2022-02-01 20:00:00,-0.014,-0.011758344689047188
2022-02-03 12:00:00,-0.023,-0.00601464712723937
2022-02-05 03:00:00,-0.033,-0.01855028035467638
2022-02-06 20:00:00,-0.042,-0.03897957545548617
2022-02-08 12:00:00,-0.047,-0.05467078666847161
2022-02-10 03:00:00,-0.051,-0.03663056010151789
2022-02-11 20:00:00,-0.051,-0.03663056010151789
2022-02-13 12:00:00,-0.048,-0.01855028035467638
2022-02-15 03:00:00,-0.045,-0.01855028035467638
2022-02-16 20:00:00,-0.039,-0.03897957545548617
2022-02-18 12:00:00,-0.032,-0.01855028035467638
2022-02-20 03:00:00,-0.023,-0.00601464712723937
2022-02-21 20:00:00,-0.013,0.0007249464094225626
2022-02-23 12:00:00,-0.003,0.0072102421857362774
2022-02-25 03:00:00,0.008,0.01533500539251419
2022-02-26 20:00:00,0.019,0.02184782628873932
2022-02-28 12:00:00,0.027,0.028094907547874845
2022-03-02 03:00:00,0.036,0.028094907547874845
2022-03-03 20:00:00,0.042,0.0443700574798298
2022-03-05 12:00:00,0.046,0.0410762906036246
2022-03-07 03:00:00,0.048,0.0410762906036246
2022-03-08 20:00:00,0.048,0.0410762906036246
2022-03-10 12:00:00,0.046,0.0410762906036246
2022-03-12 03:00:00,0.042,0.0410762906036246
2022-03-13 20:00:00,0.037,0.0343531671492063
2022-03-15 12:00:00,0.03,0.031170740957602902
2022-03-17 03:00:00,0.023,0.028094907547874845
2022-03-18 20:00:00,0.016,0.02184782628873932
2022-03-20 12:00:00,0.008,0.01533500539251419
2022-03-22 03:00:00,0.002,0.01533500539251419
2022-03-23 20:00:00,-0.003,-0.00601464712723937
2022-03-25 12:00:00,-0.007,-0.011758344689047188
2022-03-27 03:00:00,-0.01,-0.01527687053749905
2022-03-28 20:00:00,-0.011,-0.01527687053749905
2022-03-30 12:00:00,-0.01,0.0007249464094225626
2022-04-01 03:00:00,-0.007,0.0007249464094225626
2022-04-02 20:00:00,-0.002,0.0007249464094225626
2022-04-04 12:00:00,0.004,0.01533500539251419
2022-04-06 03:00:00,0.011,0.01533500539251419
2022-04-07 20:00:00,0.018,0.02184782628873932
2022-04-09 12:00:00,0.026,0.028094907547874845
2022-04-11 03:00:00,0.034,0.028094907547874845
2022-04-12 20:00:00,0.041,0.0410762906036246
2022-04-14 12:00:00,0.048,0.0443700574798298
2022-04-16 03:00:00,0.053,0.05911133269441562
2022-04-17 20:00:00,0.058,0.04985093487104232
2022-04-19 12:00:00,0.061,0.04985093487104232
2022-04-21 03:00:00,0.063,0.05911133269441562
2022-04-22 20:00:00,0.063,0.05911133269441562
2022-04-24 12:00:00,0.063,0.05911133269441562
2022-04-26 03:00:00,0.063,0.05911133269441562
2022-04-27 20:00:00,0.062,0.05911133269441562
2022-04-29 12:00:00,0.062,0.05911133269441562
2022-05-01 03:00:00,0.061,0.05911133269441562
2022-05-02 20:00:00,0.061,0.05911133269441562
2022-05-04 12:00:00,0.061,0.05911133269441562
2022-05-06 03:00:00,0.062,0.05911133269441562
2022-05-07 20:00:00,0.064,0.06514053264405156
2022-05-09 12:00:00,0.067,0.06514053264405156
2022-05-11 03:00:00,0.072,0.06514053264405156
2022-05-12 20:00:00,0.078,0.0737272975286278
2022-05-14 12:00:00,0.085,0.0737272975286278
2022-05-16 03:00:00,0.093,0.08375636255237025
2022-05-17 20:00:00,0.101,0.09311339814472737
2022-05-19 12:00:00,0.109,0.10236150111611776
2022-05-21 03:00:00,0.117,0.10236150111611776
2022-05-22 20:00:00,0.125,0.10236150111611776
2022-05-24 12:00:00,0.131,0.12344417847649033
2022-05-26 03:00:00,0.138,0.1301273177246501
2022-05-27 20:00:00,0.144,0.1484028017183307
2022-05-29 12:00:00,0.149,0.1484028017183307
2022-05-31 03:00:00,0.154,0.15728415338697724
2022-06-01 20:00:00,0.158,0.151051799073784
2022-06-03 12:00:00,0.161,0.15728415338697724
2022-06-05 03:00:00,0.163,0.15728415338697724
2022-06-06 20:00:00,0.166,0.1484028017183307
2022-06-08 12:00:00,0.169,0.1792459799009022
2022-06-10 03:00:00,0.171,0.1484028017183307
2022-06-11 20:00:00,0.175,0.1484028017183307
2022-06-13 12:00:00,0.178,0.18862959930093998
2022-06-15 03:00:00,0.182,0.1627456156942585
2022-06-16 20:00:00,0.187,0.1627456156942585
2022-06-18 12:00:00,0.192,0.19765658742
2022-06-20 03:00:00,0.198,0.20592693134356124
2022-06-21 20:00:00,0.204,0.21547507416827041
2022-06-23 12:00:00,0.21,0.22208782999999999
2022-06-25 03:00:00,0.216,0.21547507416827041
2022-06-26 20:00:00,0.221,0.21547507416827041
2022-06-28 12:00:00,0.225,0.20592693134356124
2022-06-30 03:00:00,0.227,0.22208782999999999
2022-07-01 20:00:00,0.229,0.23634496161699997
2022-07-03 12:00:00,0.228,0.19151578160891247
2022-07-05 03:00:00,0.226,0.19151578160891247
2022-07-06 20:00:00,0.222,0.21547507416827041
2022-07-08 12:00:00,0.216,0.21547507416827041
2022-07-10 03:00:00,0.208,0.22208782999999999
2022-07-11 20:00:00,0.198,0.19151578160891247
2022-07-13 12:00:00,0.187,0.18862959930093998
2022-07-15 03:00:00,0.176,0.18862959930093998
2022-07-16 20:00:00,0.165,0.1484028017183307
2022-07-18 12:00:00,0.154,0.15728415338697724
2022-07-20 03:00:00,0.144,0.1484028017183307
2022-07-21 20:00:00,0.136,0.1301273177246501
2022-07-23 12:00:00,0.13,0.12344417847649033
2022-07-25 03:00:00,0.126,0.12344417847649033
2022-07-26 20:00:00,0.124,0.10236150111611776
2022-07-28 12:00:00,0.126,0.12344417847649033
2022-07-30 03:00:00,0.131,0.12344417847649033
2022-07-31 20:00:00,0.139,0.1301273177246501
2022-08-02 12:00:00,0.149,0.151051799073784
2022-08-04 03:00:00,0.162,0.15728415338697724
2022-08-05 20:00:00,0.177,0.18862959930093998
2022-08-07 12:00:00,0.197,0.20592693134356124
2022-08-09 03:00:00,0.215,0.21547507416827041
2022-08-10 20:00:00,0.233,0.21547507416827041
2022-08-12 12:00:00,0.251,0.2339531696138462
2022-08-14 03:00:00,0.269,0.23634496161699997
2022-08-15 20:00:00,0.286,0.23634496161699997
2022-08-17 12:00:00,0.311,0.1627456156942585
2022-08-19 03:00:00,0.324,0.3318338354044665
2022-08-20 20:00:00,0.335,0.3318338354044665
2022-08-22 12:00:00,0.344,0.3318338354044665
2022-08-24 03:00:00,0.351,0.3318338354044665
2022-08-25 20:00:00,0.356,0.3318338354044665
2022-08-27 12:00:00,0.375,0.3318338354044665
2022-08-29 03:00:00,0.377,0.3318338354044665
2022-08-30 20:00:00,0.377,0.3318338354044665
2022-09-01 12:00:00,0.378,0.3318338354044665
2022-09-03 03:00:00,0.378,0.3318338354044665
2022-09-04 20:00:00,0.377,0.3318338354044665
2022-09-06 12:00:00,0.385,0.3318338354044665
2022-09-08 03:00:00,0.384,0.3318338354044665
2022-09-09 20:00:00,0.385,0.3318338354044665
2022-09-11 12:00:00,0.386,0.3318338354044665
2022-09-13 03:00:00,0.387,0.3318338354044665
2022-09-14 20:00:00,0.39,0.3318338354044665
2022-09-16 12:00:00,0.4,0.3318338354044665
2022-09-18 03:00:00,0.4,0.3318338354044665
2022-09-19 20:00:00,0.399,0.3318338354044665
2022-09-21 12:00:00,0.399,0.3318338354044665
2022-09-23 03:00:00,0.402,0.3318338354044665
2022-09-24 20:00:00,0.404,0.3318338354044665
2022-09-26 12:00:00,0.413,0.3318338354044665
2022-09-28 03:00:00,0.411,0.3318338354044665
2022-09-29 20:00:00,0.407,0.3318338354044665
2022-10-01 12:00:00,0.402,0.3318338354044665
2022-10-03 03:00:00,0.395,0.3318338354044665
2022-10-04 20:00:00,0.387,0.3318338354044665
2022-10-06 12:00:00,0.401,0.3318338354044665
2022-10-08 03:00:00,0.392,0.3318338354044665
2022-10-09 20:00:00,0.383,0.3318338354044665
2022-10-11 12:00:00,0.371,0.3318338354044665
2022-10-13 03:00:00,0.359,0.3318338354044665
2022-10-14 20:00:00,0.346,0.3318338354044665
2022-10-16 12:00:00,0.358,0.3318338354044665
2022-10-18 03:00:00,0.346,0.3318338354044665
2022-10-19 20:00:00,0.336,0.3318338354044665
2022-10-21 12:00:00,0.328,0.3318338354044665
2022-10-23 03:00:00,0.32,0.3318338354044665
2022-10-24 20:00:00,0.313,0.3318338354044665
2022-10-26 12:00:00,0.307,0.2339531696138462
2022-10-28 03:00:00,0.301,0.22782103640299994
2022-10-29 20:00:00,0.296,0.22208782999999999
2022-10-31 12:00:00,0.292,0.2339531696138462
2022-11-02 03:00:00,0.289,0.22208782999999999
2022-11-03 20:00:00,0.282,0.2339531696138462
2022-11-05 12:00:00,0.272,0.23039721968727458
2022-11-07 03:00:00,0.26,0.2339531696138462
2022-11-08 20:00:00,0.25,0.23634496161699997
2022-11-10 12:00:00,0.241,0.2339531696138462
2022-11-12 03:00:00,0.233,0.23634496161699997
2022-11-13 20:00:00,0.225,0.20592693134356124
2022-11-15 12:00:00,0.219,0.21547507416827041
2022-11-17 03:00:00,0.213,0.20592693134356124
2022-11-18 20:00:00,0.207,0.22208782999999999
2022-11-20 12:00:00,0.203,0.19151578160891247
2022-11-22 03:00:00,0.198,0.2126978261684384
2022-11-23 20:00:00,0.193,0.20592693134356124
2022-11-25 12:00:00,0.191,0.1627456156942585
2022-11-27 03:00:00,0.19,0.1627456156942585
2022-11-28 20:00:00,0.19,0.1627456156942585
2022-11-30 12:00:00,0.19,0.1627456156942585
2022-12-02 03:00:00,0.187,0.1627456156942585
2022-12-03 20:00:00,0.188,0.1627456156942585
2022-12-05 12:00:00,0.185,0.1627456156942585
2022-12-07 03:00:00,0.186,0.1627456156942585
2022-12-08 20:00:00,0.189,0.19765658742
2022-12-10 12:00:00,0.191,0.1627456156942585
2022-12-12 03:00:00,0.193,0.1627456156942585
2022-12-13 20:00:00,0.195,0.20592693134356124
2022-12-15 12:00:00,0.196,0.20592693134356124
2022-12-17 03:00:00,0.194,0.1792459799009022
2022-12-18 20:00:00,0.19,0.1627456156942585
2022-12-20 12:00:00,0.184,0.1627456156942585
2022-12-22 03:00:00,0.176,0.18862959930093998
2022-12-23 20:00:00,0.166,0.1484028017183307
2022-12-25 12:00:00,0.153,0.151051799073784
2022-12-27 03:00:00,0.137,0.1301273177246501
2022-12-28 20:00:00,0.12,0.11324446808002775
2022-12-30 12:00:00,0.102,0.09311339814472737
2023-01-01 03:00:00,0.082,0.0737272975286278
2023-01-02 20:00:00,0.062,0.05911133269441562
2023-01-04 12:00:00,0.043,0.0443700574798298
2023-01-06 03:00:00,0.027,0.028094907547874845
2023-01-07 20:00:00,0.013,0.01533500539251419
2023-01-09 12:00:00,0.0,0.0072102421857362774
2023-01-11 03:00:00,-0.011,-0.00601464712723937
2023-01-12 20:00:00,-0.019,-0.020321882643758074
2023-01-14 12:00:00,-0.025,-0.026933128866431837
2023-01-16 03:00:00,-0.029,-0.01855028035467638
2023-01-17 20:00:00,-0.031,-0.01855028035467638
2023-01-19 12:00:00,-0.031,-0.01855028035467638
2023-01-21 03:00:00,-0.03,-0.01855028035467638
2023-01-22 20:00:00,-0.028,-0.01855028035467638
2023-01-24 12:00:00,-0.026,-0.026933128866431837
2023-01-26 03:00:00,-0.023,-0.00601464712723937
2023-01-27 20:00:00,-0.02,-0.00601464712723937
2023-01-29 12:00:00,-0.02,-0.020321882643758074
2023-01-31 03:00:00,-0.024,-0.026933128866431837
2023-02-01 20:00:00,-0.027,-0.01855028035467638
2023-02-03 12:00:00,-0.033,-0.01855028035467638
2023-02-05 03:00:00,-0.045,-0.01855028035467638
2023-02-06 20:00:00,-0.056,-0.03663056010151789
2023-02-08 12:00:00,-0.066,-0.07035731777230814
2023-02-10 03:00:00,-0.079,-0.07327409748735944
2023-02-11 20:00:00,-0.093,-0.09796344466876583
2023-02-13 12:00:00,-0.104,-0.10374928836449546
2023-02-15 03:00:00,-0.117,-0.11946671697059558
2023-02-16 20:00:00,-0.127,-0.13505822580082616
2023-02-18 12:00:00,-0.137,-0.13075309156757836
2023-02-20 03:00:00,-0.147,-0.1439189848452646
2023-02-21 20:00:00,-0.157,-0.1439189848452646
2023-02-23 12:00:00,-0.166,-0.18078440550789993
2023-02-25 03:00:00,-0.175,-0.18078440550789993
2023-02-26 20:00:00,-0.183,-0.18078440550789993
2023-02-28 12:00:00,-0.193,-0.17421750990699997
2023-03-02 03:00:00,-0.195,-0.17421750990699997
2023-03-03 20:00:00,-0.196,-0.17421750990699997
2023-03-05 12:00:00,-0.188,-0.17421750990699997
2023-03-07 03:00:00,-0.18,-0.18078440550789993
2023-03-08 20:00:00,-0.172,-0.18078440550789993
2023-03-10 12:00:00,-0.166,-0.18078440550789993
2023-03-12 03:00:00,-0.163,-0.17421750990699997
2023-03-13 20:00:00,-0.166,-0.18078440550789993
2023-03-15 12:00:00,-0.166,-0.18078440550789993
2023-03-17 03:00:00,-0.164,-0.18078440550789993
2023-03-18 20:00:00,-0.162,-0.17421750990699997
2023-03-20 12:00:00,-0.16,-0.1439189848452646
2023-03-22 03:00:00,-0.158,-0.1439189848452646
2023-03-23 20:00:00,-0.162,-0.17421750990699997
2023-03-25 12:00:00,-0.167,-0.18078440550789993
2023-03-27 03:00:00,-0.171,-0.18078440550789993
2023-03-28 20:00:00,-0.172,-0.18078440550789993
2023-03-30 12:00:00,-0.172,-0.18078440550789993
2023-04-01 03:00:00,-0.171,-0.18078440550789993
2023-04-02 20:00:00,-0.168,-0.18078440550789993
2023-04-04 12:00:00,-0.166,-0.18078440550789993
2023-04-06 03:00:00,-0.163,-0.17421750990699997
2023-04-07 20:00:00,-0.16,-0.1439189848452646
2023-04-09 12:00:00,-0.156,-0.1439189848452646
2023-04-11 03:00:00,-0.151,-0.1439189848452646
2023-04-12 20:00:00,-0.147,-0.1439189848452646
2023-04-14 12:00:00,-0.139,-0.1439189848452646
2023-04-16 03:00:00,-0.131,-0.12485683304430106
2023-04-17 20:00:00,-0.123,-0.11645558023473893
2023-04-19 12:00:00,-0.114,-0.11946671697059558
2023-04-21 03:00:00,-0.107,-0.10159243695275788
2023-04-22 20:00:00,-0.101,-0.10159243695275788
2023-04-24 12:00:00,-0.095,-0.10374928836449546
2023-04-26 03:00:00,-0.09,-0.07924451344396027
2023-04-27 20:00:00,-0.084,-0.07924451344396027
2023-04-29 12:00:00,-0.081,-0.0677557358376045
2023-05-01 03:00:00,-0.077,-0.07327409748735944
2023-05-02 20:00:00,-0.073,-0.07035731777230814
2023-05-04 12:00:00,-0.068,-0.05234003304206569
2023-05-06 03:00:00,-0.064,-0.07035731777230814
2023-05-07 20:00:00,-0.059,-0.03663056010151789
2023-05-09 12:00:00,-0.053,-0.03663056010151789
2023-05-11 03:00:00,-0.046,-0.01855028035467638
2023-05-12 20:00:00,-0.037,-0.01855028035467638
2023-05-14 12:00:00,-0.028,-0.01855028035467638
2023-05-16 03:00:00,-0.016,-0.00601464712723937
2023-05-17 20:00:00,-0.003,0.0007249464094225626
2023-05-19 12:00:00,0.012,0.01533500539251419
2023-05-21 03:00:00,0.028,0.028094907547874845
2023-05-22 20:00:00,0.044,0.0443700574798298
2023-05-24 12:00:00,0.061,0.05911133269441562
2023-05-26 03:00:00,0.078,0.0737272975286278
2023-05-27 20:00:00,0.094,0.08375636255237025
2023-05-29 12:00:00,0.115,0.10236150111611776
2023-05-31 03:00:00,0.128,0.10236150111611776
2023-06-01 20:00:00,0.139,0.1301273177246501
2023-06-03 12:00:00,0.146,0.151051799073784
2023-06-05 03:00:00,0.148,0.15728415338697724
2023-06-06 20:00:00,0.141,0.1301273177246501
2023-06-08 12:00:00,0.155,0.15728415338697724
2023-06-10 03:00:00,0.144,0.1484028017183307
2023-06-11 20:00:00,0.135,0.12344417847649033
2023-06-13 12:00:00,0.125,0.11324446808002775
2023-06-15 03:00:00,0.113,0.10236150111611776
2023-06-16 20:00:00,0.098,0.09311339814472737
2023-06-18 12:00:00,0.107,0.09311339814472737
2023-06-20 03:00:00,0.093,0.08375636255237025
2023-06-21 20:00:00,0.082,0.0737272975286278
2023-06-23 12:00:00,0.074,0.06514053264405156
2023-06-25 03:00:00,0.067,0.06514053264405156
2023-06-26 20:00:00,0.06,0.05911133269441562
2023-06-28 12:00:00,0.063,0.04985093487104232
2023-06-30 03:00:00,0.059,0.04985093487104232
2023-07-01 20:00:00,0.06,0.04985093487104232
2023-07-03 12:00:00,0.062,0.04985093487104232
2023-07-05 03:00:00,0.065,0.06514053264405156
2023-07-06 20:00:00,0.07,0.06514053264405156
2023-07-08 12:00:00,0.084,0.0737272975286278
2023-07-10 03:00:00,0.092,0.08375636255237025
2023-07-11 20:00:00,0.1,0.09311339814472737
2023-07-13 12:00:00,0.107,0.09311339814472737
2023-07-15 03:00:00,0.114,0.10236150111611776
2023-07-16 20:00:00,0.118,0.10236150111611776
2023-07-18 12:00:00,0.129,0.10236150111611776
2023-07-20 03:00:00,0.131,0.12344417847649033
2023-07-21 20:00:00,0.13,0.12344417847649033
2023-07-23 12:00:00,0.127,0.12344417847649033
2023-07-25 03:00:00,0.123,0.10236150111611776
2023-07-26 20:00:00,0.115,0.10236150111611776
2023-07-28 12:00:00,0.13,0.12344417847649033
2023-07-30 03:00:00,0.117,0.11324446808002775
2023-07-31 20:00:00,0.101,0.09311339814472737
2023-08-02 12:00:00,0.074,0.06514053264405156
2023-08-04 03:00:00,0.058,0.05911133269441562
2023-08-05 20:00:00,0.043,0.0443700574798298
2023-08-07 12:00:00,0.031,0.028094907547874845
2023-08-09 03:00:00,0.021,0.028094907547874845
2023-08-10 20:00:00,0.011,0.01533500539251419
2023-08-12 12:00:00,0.002,0.01533500539251419
2023-08-14 03:00:00,-0.005,-0.00601464712723937
2023-08-15 20:00:00,-0.016,-0.01855028035467638
2023-08-17 12:00:00,-0.029,-0.01855028035467638
2023-08-19 03:00:00,-0.04,-0.01855028035467638
2023-08-20 20:00:00,-0.049,-0.03663056010151789
2023-08-22 12:00:00,-0.054,-0.03663056010151789
2023-08-24 03:00:00,-0.061,-0.07327409748735944
2023-08-25 20:00:00,-0.07,-0.07327409748735944
2023-08-27 12:00:00,-0.077,-0.07327409748735944
2023-08-29 03:00:00,-0.084,-0.07924451344396027
2023-08-30 20:00:00,-0.093,-0.09796344466876583
2023-09-01 12:00:00,-0.103,-0.10374928836449546
2023-09-03 03:00:00,-0.115,-0.11946671697059558
2023-09-04 20:00:00,-0.135,-0.13505822580082616
2023-09-06 12:00:00,-0.145,-0.1439189848452646
2023-09-08 03:00:00,-0.157,-0.1439189848452646
2023-09-09 20:00:00,-0.166,-0.18078440550789993
2023-09-11 12:00:00,-0.17,-0.18078440550789993
2023-09-13 03:00:00,-0.171,-0.18078440550789993
2023-09-14 20:00:00,-0.17,-0.18078440550789993
2023-09-16 12:00:00,-0.167,-0.18078440550789993
2023-09-18 03:00:00,-0.166,-0.18078440550789993
2023-09-19 20:00:00,-0.161,-0.17421750990699997
2023-09-21 12:00:00,-0.156,-0.1439189848452646
2023-09-23 03:00:00,-0.149,-0.1439189848452646
2023-09-24 20:00:00,-0.14,-0.1439189848452646
2023-09-26 12:00:00,-0.138,-0.13075309156757836
2023-09-28 03:00:00,-0.135,-0.13505822580082616
2023-09-29 20:00:00,-0.133,-0.13505822580082616
2023-10-01 12:00:00,-0.127,-0.13505822580082616
2023-10-03 03:00:00,-0.121,-0.11946671697059558
2023-10-04 20:00:00,-0.114,-0.11946671697059558
2023-10-06 12:00:00,-0.116,-0.11946671697059558
2023-10-08 03:00:00,-0.115,-0.11946671697059558
2023-10-09 20:00:00,-0.115,-0.11946671697059558
2023-10-11 12:00:00,-0.115,-0.11946671697059558
2023-10-13 03:00:00,-0.114,-0.11946671697059558
2023-10-14 20:00:00,-0.115,-0.11946671697059558
2023-10-16 12:00:00,-0.115,-0.11946671697059558
2023-10-18 03:00:00,-0.117,-0.11946671697059558
2023-10-19 20:00:00,-0.121,-0.11946671697059558
2023-10-21 12:00:00,-0.125,-0.11645558023473893
2023-10-23 03:00:00,-0.126,-0.13505822580082616
2023-10-24 20:00:00,-0.128,-0.13505822580082616
2023-10-26 12:00:00,-0.128,-0.13505822580082616
2023-10-28 03:00:00,-0.126,-0.13505822580082616
2023-10-29 20:00:00,-0.122,-0.11946671697059558
2023-10-31 12:00:00,-0.117,-0.11946671697059558
2023-11-02 03:00:00,-0.112,-0.10159243695275788
2023-11-03 20:00:00,-0.108,-0.10159243695275788
2023-11-05 12:00:00,-0.103,-0.10374928836449546
2023-11-07 03:00:00,-0.096,-0.10374928836449546
2023-11-08 20:00:00,-0.087,-0.07924451344396027
2023-11-10 12:00:00,-0.077,-0.07327409748735944
2023-11-12 03:00:00,-0.068,-0.05234003304206569
2023-11-13 20:00:00,-0.061,-0.0677557358376045
2023-11-15 12:00:00,-0.056,-0.03663056010151789
2023-11-17 03:00:00,-0.053,-0.03663056010151789
2023-11-18 20:00:00,-0.051,-0.03663056010151789
2023-11-20 12:00:00,-0.052,-0.03663056010151789
2023-11-22 03:00:00,-0.056,-0.03663056010151789
2023-11-23 20:00:00,-0.06,-0.03663056010151789
2023-11-25 12:00:00,-0.066,-0.07035731777230814
2023-11-27 03:00:00,-0.075,-0.07327409748735944
2023-11-28 20:00:00,-0.085,-0.07924451344396027
2023-11-30 12:00:00,-0.097,-0.10374928836449546
2023-12-02 03:00:00,-0.107,-0.10159243695275788
2023-12-03 20:00:00,-0.117,-0.11946671697059558
2023-12-05 12:00:00,-0.126,-0.13505822580082616
2023-12-07 03:00:00,-0.133,-0.13505822580082616
2023-12-08 20:00:00,-0.138,-0.13075309156757836
2023-12-10 12:00:00,-0.141,-0.1439189848452646
2023-12-12 03:00:00,-0.141,-0.1439189848452646
2023-12-13 20:00:00,-0.139,-0.1439189848452646
2023-12-15 12:00:00,-0.134,-0.13505822580082616
2023-12-17 03:00:00,-0.127,-0.13505822580082616
2023-12-18 20:00:00,-0.119,-0.11946671697059558
2023-12-20 12:00:00,-0.108,-0.10159243695275788
2023-12-22 03:00:00,-0.095,-0.10374928836449546
2023-12-23 20:00:00,-0.081,-0.0677557358376045
2023-12-25 12:00:00,-0.065,-0.07035731777230814
2023-12-27 03:00:00,-0.048,-0.01855028035467638
2023-12-28 20:00:00,-0.031,-0.01855028035467638
2023-12-30 12:00:00,-0.015,-0.00601464712723937
2024-01-01 03:00:00,0.001,0.0072102421857362774
2024-01-02 20:00:00,0.014,0.02184782628873932
2024-01-04 12:00:00,0.027,0.028094907547874845
2024-01-06 03:00:00,0.038,0.028094907547874845
2024-01-07 20:00:00,0.047,0.0443700574798298
2024-01-09 12:00:00,0.055,0.05911133269441562
2024-01-11 03:00:00,0.062,0.05911133269441562
2024-01-12 20:00:00,0.068,0.06514053264405156
2024-01-14 12:00:00,0.072,0.06514053264405156
2024-01-16 03:00:00,0.075,0.06514053264405156
2024-01-17 20:00:00,0.077,0.0737272975286278
2024-01-19 12:00:00,0.079,0.06514053264405156
2024-01-21 03:00:00,0.08,0.0737272975286278
2024-01-22 20:00:00,0.075,0.06514053264405156
2024-01-24 12:00:00,0.07,0.06514053264405156
2024-01-26 03:00:00,0.068,0.06514053264405156
2024-01-27 20:00:00,0.067,0.06514053264405156
2024-01-29 12:00:00,0.065,0.05911133269441562
2024-01-31 03:00:00,0.063,0.062238691097487905
2024-02-01 20:00:00,0.061,0.05911133269441562
2024-02-03 12:00:00,0.06,0.04985093487104232
2024-02-05 03:00:00,0.059,0.04985093487104232
2024-02-06 20:00:00,0.058,0.04985093487104232
2024-02-08 12:00:00,0.055,0.05911133269441562
2024-02-10 03:00:00,0.051,0.04655562525610358
2024-02-11 20:00:00,0.048,0.0410762906036246
2024-02-13 12:00:00,0.04,0.03762356381235411
2024-02-15 03:00:00,0.029,0.028094907547874845
2024-02-16 20:00:00,0.02,0.02184782628873932
2024-02-18 12:00:00,0.012,0.01533500539251419
2024-02-20 03:00:00,0.003,0.01533500539251419
2024-02-21 20:00:00,-0.001,0.01533500539251419
2024-02-23 12:00:00,-0.009,-0.00601464712723937
2024-02-25 03:00:00,-0.016,-0.01855028035467638
2024-02-26 20:00:00,-0.02,-0.020321882643758074
2024-02-28 12:00:00,-0.021,-0.00601464712723937
2024-03-01 03:00:00,-0.023,-0.00601464712723937
2024-03-02 20:00:00,-0.015,-0.020321882643758074
2024-03-04 12:00:00,-0.015,-0.01855028035467638
2024-03-06 03:00:00,-0.013,-0.00601464712723937
2024-03-07 20:00:00,-0.009,0.0007249464094225626
2024-03-09 12:00:00,-0.005,0.0007249464094225626
2024-03-11 03:00:00,0.0,0.0072102421857362774
2024-03-12 20:00:00,0.013,0.01533500539251419
2024-03-14 12:00:00,0.019,0.02184782628873932
2024-03-16 03:00:00,0.025,0.028094907547874845
2024-03-17 20:00:00,0.028,0.028094907547874845
2024-03-19 12:00:00,0.029,0.028094907547874845
2024-03-21 03:00:00,0.053,0.05911133269441562
2024-03-22 20:00:00,0.055,0.04985093487104232
2024-03-24 12:00:00,0.057,0.055609772351513195
2024-03-26 03:00:00,0.057,0.055609772351513195
2024-03-27 20:00:00,0.055,0.055609772351513195
2024-03-29 12:00:00,0.052,0.05911133269441562
2024-03-31 03:00:00,0.073,0.06514053264405156
2024-04-01 20:00:00,0.071,0.06514053264405156
2024-04-03 12:00:00,0.069,0.06514053264405156
2024-04-05 03:00:00,0.067,0.06514053264405156
2024-04-06 20:00:00,0.066,0.05911133269441562
2024-04-08 12:00:00,0.066,0.062238691097487905
2024-04-10 03:00:00,0.09,0.08375636255237025
2024-04-11 20:00:00,0.093,0.08375636255237025
2024-04-13 12:00:00,0.097,0.11062075354751984
2024-04-15 03:00:00,0.099,0.09311339814472737
2024-04-16 20:00:00,0.105,0.09311339814472737
2024-04-18 12:00:00,0.114,0.10236150111611776
2024-04-20 03:00:00,0.131,0.10236150111611776
2024-04-21 20:00:00,0.137,0.1484028017183307
2024-04-23 12:00:00,0.143,0.1484028017183307
2024-04-25 03:00:00,0.15,0.1484028017183307
2024-04-26 20:00:00,0.156,0.15728415338697724
2024-04-28 12:00:00,0.163,0.15728415338697724
2024-04-30 03:00:00,0.177,0.18862959930093998
2024-05-01 20:00:00,0.181,0.18862959930093998
2024-05-03 12:00:00,0.181,0.18862959930093998
2024-05-05 03:00:00,0.18,0.18862959930093998
2024-05-06 20:00:00,0.178,0.18862959930093998
2024-05-08 12:00:00,0.174,0.1484028017183307
2024-05-10 03:00:00,0.175,0.1484028017183307
2024-05-11 20:00:00,0.165,0.1484028017183307
2024-05-13 12:00:00,0.153,0.151051799073784
2024-05-15 03:00:00,0.139,0.1301273177246501
2024-05-16 20:00:00,0.122,0.11324446808002775
2024-05-18 12:00:00,0.107,0.09311339814472737
2024-05-20 03:00:00,0.091,0.08375636255237025
2024-05-21 20:00:00,0.077,0.0737272975286278
2024-05-23 12:00:00,0.064,0.05911133269441562
2024-05-25 03:00:00,0.056,0.04655562525610358
2024-05-26 20:00:00,0.05,0.04655562525610358
2024-05-28 12:00:00,0.047,0.0410762906036246
2024-05-30 03:00:00,0.045,0.0410762906036246
2024-05-31 20:00:00,0.046,0.0410762906036246
2024-06-02 12:00:00,0.049,0.04985093487104232
2024-06-04 03:00:00,0.055,0.05911133269441562
2024-06-05 20:00:00,0.062,0.05911133269441562
2024-06-07 12:00:00,0.072,0.06514053264405156
2024-06-09 03:00:00,0.084,0.0737272975286278
2024-06-10 20:00:00,0.095,0.11062075354751984
2024-06-12 12:00:00,0.106,0.09311339814472737
2024-06-14 03:00:00,0.118,0.11324446808002775
2024-06-15 20:00:00,0.129,0.12344417847649033
2024-06-17 12:00:00,0.138,0.1301273177246501
2024-06-19 03:00:00,0.147,0.151051799073784
2024-06-20 20:00:00,0.156,0.15728415338697724
2024-06-22 12:00:00,0.162,0.15728415338697724
2024-06-24 03:00:00,0.169,0.1792459799009022
2024-06-25 20:00:00,0.174,0.1484028017183307
2024-06-27 12:00:00,0.179,0.18862959930093998
2024-06-29 03:00:00,0.183,0.1627456156942585
2024-06-30 20:00:00,0.185,0.1627456156942585
2024-07-02 12:00:00,0.187,0.1627456156942585
2024-07-04 03:00:00,0.19,0.19765658742
2024-07-05 20:00:00,0.193,0.1627456156942585
2024-07-07 12:00:00,0.196,0.20592693134356124
2024-07-09 03:00:00,0.199,0.20592693134356124
2024-07-10 20:00:00,0.202,0.20592693134356124
2024-07-12 12:00:00,0.205,0.21547507416827041
2024-07-14 03:00:00,0.208,0.20592693134356124
2024-07-15 20:00:00,0.211,0.22208782999999999
2024-07-17 12:00:00,0.214,0.22208782999999999
2024-07-19 03:00:00,0.215,0.22208782999999999
2024-07-20 20:00:00,0.213,0.22208782999999999
2024-07-22 12:00:00,0.211,0.22208782999999999
2024-07-24 03:00:00,0.207,0.22208782999999999
2024-07-25 20:00:00,0.204,0.19151578160891247
2024-07-27 12:00:00,0.198,0.2126978261684384
2024-07-29 03:00:00,0.189,0.20592693134356124
2024-07-30 20:00:00,0.179,0.18862959930093998
2024-08-01 12:00:00,0.168,0.1627456156942585
2024-08-03 03:00:00,0.156,0.15728415338697724
2024-08-04 20:00:00,0.143,0.1484028017183307
2024-08-06 12:00:00,0.132,0.12344417847649033
2024-08-08 03:00:00,0.121,0.11324446808002775
2024-08-09 20:00:00,0.11,0.10236150111611776
2024-08-11 12:00:00,0.101,0.09311339814472737
2024-08-13 03:00:00,0.092,0.08375636255237025
2024-08-14 20:00:00,0.085,0.0737272975286278
2024-08-16 12:00:00,0.078,0.06514053264405156
2024-08-18 03:00:00,0.073,0.06514053264405156
2024-08-19 20:00:00,0.07,0.06514053264405156
2024-08-21 12:00:00,0.067,0.06514053264405156
2024-08-23 03:00:00,0.067,0.06514053264405156
2024-08-24 20:00:00,0.066,0.05911133269441562
2024-08-26 12:00:00,0.065,0.062238691097487905
2024-08-28 03:00:00,0.064,0.062238691097487905
2024-08-29 20:00:00,0.063,0.05911133269441562
2024-08-31 12:00:00,0.06,0.04985093487104232
2024-09-02 03:00:00,0.055,0.05911133269441562
2024-09-03 20:00:00,0.048,0.0443700574798298
2024-09-05 12:00:00,0.042,0.0443700574798298
2024-09-07 03:00:00,0.033,0.028094907547874845
2024-09-08 20:00:00,0.023,0.028094907547874845
2024-09-10 12:00:00,0.011,0.01533500539251419
2024-09-12 03:00:00,-0.001,0.0072102421857362774
2024-09-13 20:00:00,-0.014,-0.00601464712723937
2024-09-15 12:00:00,-0.028,-0.01855028035467638
2024-09-17 03:00:00,-0.042,-0.01855028035467638
2024-09-18 20:00:00,-0.055,-0.03663056010151789
2024-09-20 12:00:00,-0.068,-0.07035731777230814
2024-09-22 03:00:00,-0.079,-0.07327409748735944
2024-09-23 20:00:00,-0.088,-0.07924451344396027
2024-09-25 12:00:00,-0.094,-0.09796344466876583
2024-09-27 03:00:00,-0.098,-0.10159243695275788
2024-09-28 20:00:00,-0.102,-0.10374928836449546
2024-09-30 12:00:00,-0.103,-0.10374928836449546
2024-10-02 03:00:00,-0.102,-0.10374928836449546
2024-10-03 20:00:00,-0.099,-0.10159243695275788
2024-10-05 12:00:00,-0.097,-0.10374928836449546
2024-10-07 03:00:00,-0.097,-0.10374928836449546
2024-10-08 20:00:00,-0.099,-0.10159243695275788
2024-10-10 12:00:00,-0.104,-0.10374928836449546
2024-10-12 03:00:00,-0.101,-0.10159243695275788
2024-10-13 20:00:00,-0.099,-0.10159243695275788
2024-10-15 12:00:00,-0.094,-0.09796344466876583
2024-10-17 03:00:00,-0.09,-0.07924451344396027
2024-10-18 20:00:00,-0.088,-0.07924451344396027
2024-10-20 12:00:00,-0.091,-0.07924451344396027
2024-10-22 03:00:00,-0.092,-0.09796344466876583
2024-10-23 20:00:00,-0.094,-0.09796344466876583
2024-10-25 12:00:00,-0.098,-0.10159243695275788
2024-10-27 03:00:00,-0.106,-0.10159243695275788
2024-10-28 20:00:00,-0.113,-0.10159243695275788
2024-10-30 12:00:00,-0.119,-0.11946671697059558
2024-11-01 03:00:00,-0.126,-0.13505822580082616
2024-11-02 20:00:00,-0.133,-0.13505822580082616
2024-11-04 12:00:00,-0.141,-0.1439189848452646
2024-11-06 03:00:00,-0.151,-0.1439189848452646
2024-11-07 20:00:00,-0.158,-0.1439189848452646
2024-11-09 12:00:00,-0.162,-0.17421750990699997
2024-11-11 03:00:00,-0.164,-0.18078440550789993
2024-11-12 20:00:00,-0.163,-0.17421750990699997
2024-11-14 12:00:00,-0.16,-0.1439189848452646
2024-11-16 03:00:00,-0.157,-0.1439189848452646
2024-11-17 20:00:00,-0.154,-0.1439189848452646
2024-11-19 12:00:00,-0.15,-0.1439189848452646
2024-11-21 03:00:00,-0.144,-0.1439189848452646
2024-11-22 20:00:00,-0.137,-0.13075309156757836
2024-11-24 12:00:00,-0.129,-0.13505822580082616
2024-11-26 03:00:00,-0.121,-0.11946671697059558
2024-11-27 20:00:00,-0.113,-0.10159243695275788
2024-11-29 12:00:00,-0.105,-0.10159243695275788
2024-12-01 03:00:00,-0.098,-0.10159243695275788
2024-12-02 20:00:00,-0.091,-0.07924451344396027
2024-12-04 12:00:00,-0.071,-0.07327409748735944
2024-12-06 03:00:00,-0.068,-0.05234003304206569
2024-12-07 20:00:00,-0.065,-0.07035731777230814
2024-12-09 12:00:00,-0.063,-0.07327409748735944
2024-12-11 03:00:00,-0.061,-0.0677557358376045
2024-12-12 20:00:00,-0.061,-0.0677557358376045
2024-12-14 12:00:00,-0.054,-0.03663056010151789
2024-12-16 03:00:00,-0.055,-0.03663056010151789
2024-12-17 20:00:00,-0.054,-0.03663056010151789
2024-12-19 12:00:00,-0.052,-0.03663056010151789
2024-12-21 03:00:00,-0.048,-0.01855028035467638
2024-12-22 20:00:00,-0.045,-0.01855028035467638
2024-12-24 12:00:00,-0.033,-0.01855028035467638
2024-12-26 03:00:00,-0.032,-0.01855028035467638
2024-12-27 20:00:00,-0.03,-0.01855028035467638
2024-12-29 12:00:00,-0.027,-0.01855028035467638
2024-12-31 03:00:00,-0.026,-0.026933128866431837
2025-01-01 20:00:00,-0.024,-0.01527687053749905
2025-01-03 12:00:00,-0.014,-0.00601464712723937
2025-01-05 03:00:00,-0.011,-0.011758344689047188
2025-01-06 20:00:00,-0.009,-0.01527687053749905
2025-01-08 12:00:00,-0.009,0.0007249464094225626
2025-01-10 03:00:00,-0.009,0.0007249464094225626
2025-01-11 20:00:00,-0.01,0.0007249464094225626
2025-01-13 12:00:00,0.012,0.01533500539251419
2025-01-15 03:00:00,0.01,0.01533500539251419
2025-01-16 20:00:00,0.008,0.01533500539251419
2025-01-18 12:00:00,0.004,-0.0019431185557264056
2025-01-20 03:00:00,-0.001,0.01533500539251419
2025-01-21 20:00:00,-0.003,-0.00601464712723937
2025-01-23 12:00:00,0.019,0.02184782628873932
2025-01-25 03:00:00,0.019,0.02184782628873932
2025-01-26 20:00:00,0.02,0.02184782628873932
2025-01-28 12:00:00,0.022,0.028094907547874845
2025-01-30 03:00:00,0.025,0.028094907547874845
2025-01-31 20:00:00,0.029,0.028094907547874845
2025-02-02 12:00:00,0.044,0.0443700574798298
2025-02-04 03:00:00,0.053,0.05911133269441562
2025-02-05 20:00:00,0.063,0.04985093487104232
2025-02-07 12:00:00,0.074,0.06514053264405156
2025-02-09 03:00:00,0.084,0.0737272975286278
2025-02-10 20:00:00,0.095,0.11062075354751984
2025-02-12 12:00:00,0.111,0.10236150111611776
2025-02-14 03:00:00,0.117,0.10236150111611776
2025-02-15 20:00:00,0.123,0.10236150111611776
2025-02-17 12:00:00,0.128,0.12344417847649033
2025-02-19 03:00:00,0.13,0.12344417847649033
2025-02-20 20:00:00,0.13,0.12344417847649033
2025-02-22 12:00:00,0.129,0.12344417847649033
2025-02-24 03:00:00,0.125,0.11324446808002775
2025-02-25 20:00:00,0.12,0.10236150111611776
2025-02-27 12:00:00,0.113,0.10236150111611776
2025-03-01 03:00:00,0.106,0.09311339814472737
2025-03-02 20:00:00,0.098,0.09311339814472737
2025-03-04 12:00:00,0.09,0.08375636255237025
2025-03-06 03:00:00,0.081,0.0737272975286278
2025-03-07 20:00:00,0.073,0.06514053264405156
2025-03-09 12:00:00,0.065,0.05911133269441562
2025-03-11 03:00:00,0.058,0.04655562525610358
2025-03-12 20:00:00,0.054,0.05911133269441562
2025-03-14 12:00:00,0.051,0.05911133269441562
2025-03-16 03:00:00,0.051,0.0410762906036246
2025-03-17 20:00:00,0.053,0.05911133269441562
2025-03-19 12:00:00,0.056,0.04985093487104232
2025-03-21 03:00:00,0.061,0.06514053264405156
2025-03-22 20:00:00,0.068,0.06514053264405156
2025-03-24 12:00:00,0.075,0.06514053264405156
2025-03-26 03:00:00,0.082,0.0737272975286278
2025-03-27 20:00:00,0.089,0.08375636255237025
2025-03-29 12:00:00,0.095,0.11062075354751984
2025-03-31 03:00:00,0.101,0.09311339814472737
2025-04-01 20:00:00,0.104,0.09311339814472737
2025-04-03 12:00:00,0.106,0.09311339814472737
2025-04-05 03:00:00,0.105,0.09311339814472737
2025-04-06 20:00:00,0.101,0.09311339814472737
2025-04-08 12:00:00,0.095,0.08375636255237025
2025-04-10 03:00:00,0.086,0.0737272975286278
2025-04-11 20:00:00,0.076,0.06514053264405156
2025-04-13 12:00:00,0.066,0.05911133269441562
2025-04-15 03:00:00,0.055,0.04655562525610358
2025-04-16 20:00:00,0.045,0.0443700574798298
2025-04-18 12:00:00,0.034,0.028094907547874845
2025-04-20 03:00:00,0.023,0.028094907547874845
2025-04-21 20:00:00,0.013,0.01533500539251419
2025-04-23 12:00:00,0.003,0.01533500539251419
2025-04-25 03:00:00,-0.006,-0.00601464712723937
2025-04-26 20:00:00,-0.012,-0.011758344689047188
2025-04-28 12:00:00,-0.016,-0.01855028035467638
2025-04-30 03:00:00,-0.018,-0.020321882643758074
2025-05-01 20:00:00,-0.019,-0.020321882643758074
2025-05-03 12:00:00,-0.018,-0.020321882643758074
2025-05-05 03:00:00,-0.017,-0.01855028035467638
2025-05-06 20:00:00,-0.014,-0.00601464712723937
2025-05-08 12:00:00,-0.012,-0.01527687053749905
2025-05-10 03:00:00,-0.009,0.0007249464094225626
2025-05-11 20:00:00,-0.006,0.0007249464094225626
2025-05-13 12:00:00,-0.003,0.0007249464094225626
2025-05-15 03:00:00,-0.001,0.0072102421857362774
2025-05-16 20:00:00,0.001,0.0072102421857362774
2025-05-18 12:00:00,0.002,0.01533500539251419
2025-05-20 03:00:00,0.003,0.01533500539251419
2025-05-21 20:00:00,0.001,0.01533500539251419
2025-05-23 12:00:00,-0.002,-0.00601464712723937
2025-05-25 03:00:00,-0.005,-0.011758344689047188
2025-05-26 20:00:00,-0.01,-0.01527687053749905
2025-05-28 12:00:00,-0.016,-0.01855028035467638
2025-05-30 03:00:00,-0.019,-0.020321882643758074
2025-05-31 20:00:00,-0.021,-0.00601464712723937
2025-06-02 12:00:00,-0.023,-0.00601464712723937
2025-06-04 03:00:00,-0.025,-0.026933128866431837
2025-06-05 20:00:00,-0.028,-0.01855028035467638
2025-06-07 12:00:00,-0.031,-0.01855028035467638
2025-06-09 03:00:00,-0.033,-0.01855028035467638
2025-06-10 20:00:00,-0.034,-0.03897957545548617
2025-06-12 12:00:00,-0.036,-0.03897957545548617
2025-06-14 03:00:00,-0.037,-0.03897957545548617
2025-06-15 20:00:00,-0.04,-0.03897957545548617
2025-06-17 12:00:00,-0.044,-0.04863722216584993
2025-06-19 03:00:00,-0.047,-0.05467078666847161
2025-06-20 20:00:00,-0.052,-0.03663056010151789
2025-06-22 12:00:00,-0.059,-0.03663056010151789
2025-06-24 03:00:00,-0.067,-0.07035731777230814
2025-06-25 20:00:00,-0.077,-0.07327409748735944
2025-06-27 12:00:00,-0.086,-0.07924451344396027
2025-06-29 03:00:00,-0.096,-0.10374928836449546
2025-06-30 20:00:00,-0.108,-0.10159243695275788
2025-07-02 12:00:00,-0.119,-0.11946671697059558
2025-07-04 03:00:00,-0.128,-0.13505822580082616
2025-07-05 20:00:00,-0.139,-0.1439189848452646
2025-07-07 12:00:00,-0.149,-0.1439189848452646
2025-07-09 03:00:00,-0.156,-0.1439189848452646
2025-07-10 20:00:00,-0.165,-0.18078440550789993
2025-07-12 12:00:00,-0.172,-0.18078440550789993
2025-07-14 03:00:00,-0.175,-0.18078440550789993
2025-07-15 20:00:00,-0.174,-0.18078440550789993
2025-07-17 12:00:00,-0.17,-0.18078440550789993
2025-07-19 03:00:00,-0.165,-0.18078440550789993
2025-07-20 20:00:00,-0.157,-0.1439189848452646
2025-07-22 12:00:00,-0.147,-0.1439189848452646
2025-07-24 03:00:00,-0.134,-0.13505822580082616
2025-07-25 20:00:00,-0.119,-0.11946671697059558
2025-07-27 12:00:00,-0.103,-0.10374928836449546
2025-07-29 03:00:00,-0.088,-0.07924451344396027
2025-07-30 20:00:00,-0.073,-0.07327409748735944
2025-08-01 12:00:00,-0.057,-0.03663056010151789
2025-08-03 03:00:00,-0.042,-0.01855028035467638
2025-08-04 20:00:00,-0.029,-0.01855028035467638
2025-08-06 12:00:00,-0.016,-0.00601464712723937
2025-08-08 03:00:00,-0.006,0.0007249464094225626
2025-08-09 20:00:00,0.0,0.0072102421857362774
2025-08-11 12:00:00,0.006,0.01533500539251419
2025-08-13 03:00:00,0.011,0.01533500539251419
2025-08-14 20:00:00,0.014,0.02184782628873932
2025-08-16 12:00:00,0.016,0.02184782628873932
2025-08-18 03:00:00,0.017,0.02184782628873932
2025-08-19 20:00:00,0.017,0.02184782628873932
2025-08-21 12:00:00,0.017,0.02184782628873932
2025-08-23 03:00:00,0.016,0.02184782628873932
2025-08-24 20:00:00,0.018,0.02184782628873932
2025-08-26 12:00:00,0.02,0.02184782628873932
2025-08-28 03:00:00,0.022,0.028094907547874845
2025-08-29 20:00:00,0.027,0.028094907547874845
2025-08-31 12:00:00,0.033,0.028094907547874845
2025-09-02 03:00:00,0.04,0.0410762906036246
2025-09-03 20:00:00,0.049,0.0443700574798298
2025-09-05 12:00:00,0.059,0.05911133269441562
2025-09-07 03:00:00,0.068,0.06514053264405156
2025-09-08 20:00:00,0.076,0.06514053264405156
2025-09-10 12:00:00,0.084,0.0737272975286278
2025-09-12 03:00:00,0.092,0.08375636255237025
2025-09-13 20:00:00,0.098,0.09311339814472737
2025-09-15 12:00:00,0.109,0.10236150111611776
2025-09-17 03:00:00,0.112,0.10236150111611776
2025-09-18 20:00:00,0.113,0.10236150111611776
2025-09-20 12:00:00,0.113,0.10236150111611776
2025-09-22 03:00:00,0.11,0.10236150111611776
2025-09-23 20:00:00,0.106,0.09311339814472737
2025-09-25 12:00:00,0.112,0.10236150111611776
2025-09-27 03:00:00,0.104,0.09311339814472737
2025-09-28 20:00:00,0.096,0.08375636255237025
2025-09-30 12:00:00,0.086,0.0737272975286278
2025-10-02 03:00:00,0.077,0.0737272975286278
2025-10-03 20:00:00,0.069,0.06514053264405156
2025-10-05 12:00:00,0.069,0.06514053264405156
2025-10-07 03:00:00,0.061,0.05911133269441562
2025-10-08 20:00:00,0.055,0.04655562525610358
2025-10-10 12:00:00,0.05,0.04655562525610358
2025-10-12 03:00:00,0.049,0.0410762906036246
2025-10-13 20:00:00,0.051,0.0410762906036246
2025-10-15 12:00:00,0.061,0.05911133269441562
2025-10-17 03:00:00,0.062,0.04985093487104232
2025-10-18 20:00:00,0.066,0.06514053264405156
2025-10-20 12:00:00,0.072,0.06514053264405156
2025-10-22 03:00:00,0.08,0.0737272975286278
2025-10-23 20:00:00,0.089,0.08375636255237025
2025-10-25 12:00:00,0.105,0.09311339814472737
2025-10-27 03:00:00,0.114,0.10236150111611776
2025-10-28 20:00:00,0.122,0.10236150111611776
2025-10-30 12:00:00,0.129,0.10236150111611776
2025-11-01 03:00:00,0.136,0.1301273177246501
